-- phpMyAdmin SQL Dump
-- version 4.4.7
-- http://www.phpmyadmin.net
--
-- Хост: localhost
-- Время создания: Дек 14 2021 г., 17:42
-- Версия сервера: 5.5.23
-- Версия PHP: 5.3.10

SET SQL_MODE = "NO_AUTO_VALUE_ON_ZERO";
SET time_zone = "+00:00";


/*!40101 SET @OLD_CHARACTER_SET_CLIENT=@@CHARACTER_SET_CLIENT */;
/*!40101 SET @OLD_CHARACTER_SET_RESULTS=@@CHARACTER_SET_RESULTS */;
/*!40101 SET @OLD_COLLATION_CONNECTION=@@COLLATION_CONNECTION */;
/*!40101 SET NAMES cp1251 */;

--
-- База данных: `ubiquiti`
--
CREATE DATABASE IF NOT EXISTS `ubiquiti` DEFAULT CHARACTER SET cp1251 COLLATE cp1251_general_cs;
USE `ubiquiti`;

--
-- Дамп данных таблицы `bullet_history`
--

INSERT INTO `bullet_history` (`id`, `id_bullet`, `datetime`, `info`, `place_install`, `place_install_new`) VALUES
(1, 193, '2021-11-23 10:40:52', 'Демонтаж - списание погрузчика', 'EX451', 'Участок УСК'),
(2, 52, '2021-11-25 14:02:33', 'Демонтаж экскаватора', 'EX137', 'Участок УСК'),
(3, 328, '2021-12-03 12:17:08', 'Установка нового булита на новый станок', 'Участок УСК', 'Drill007'),
(4, 193, '2021-12-13 15:01:08', 'Установка комплекта.', 'Участок УСК', 'A119');

--
-- Дамп данных таблицы `equipment`
--

INSERT INTO `equipment` (`id`, `name`, `equipment_type`, `ip_address`, `ip_pc`, `ip_alias`, `comment`, `useInMonitoring`, `LastGPSDateTime`) VALUES
(2, 'SMOTROVAYA', 3, '10.70.120.15', '', NULL, NULL, 1, '0000-00-00 00:00:00'),
(4, 'GBM', 3, '10.70.120.18', '', NULL, NULL, 1, '0000-00-00 00:00:00'),
(6, 'A102', 1, '10.70.123.2', '10.70.122.2', NULL, NULL, 1, '2021-12-14 16:26:46'),
(7, 'A103', 1, '10.70.123.3', '10.70.122.3', NULL, NULL, 0, '2017-12-08 10:03:49'),
(8, 'A104', 1, '10.70.123.4', '10.70.122.4', NULL, NULL, 0, '2018-01-03 10:00:39'),
(9, 'A105', 1, '10.70.123.5', '10.70.122.5', NULL, NULL, 1, '2021-11-18 16:18:05'),
(10, 'A106', 1, '10.70.123.6', '10.70.122.6', NULL, NULL, 0, '0000-00-00 00:00:00'),
(11, 'A107', 1, '10.70.123.7', '10.70.122.7', NULL, NULL, 0, '2016-12-06 00:20:38'),
(12, 'A108', 1, '10.70.123.8', '10.70.122.8', NULL, NULL, 0, '0000-00-00 00:00:00'),
(13, 'A109', 1, '10.70.123.9', '10.70.122.9', NULL, NULL, 0, '2015-04-30 16:18:28'),
(14, 'A110', 1, '10.70.123.10', '10.70.122.10', NULL, NULL, 0, '0000-00-00 00:00:00'),
(15, 'A111', 1, '10.70.123.11', '10.70.122.11', NULL, NULL, 0, '2019-01-13 06:49:06'),
(16, 'A112', 1, '10.70.123.12', '10.70.122.12', NULL, NULL, 0, '2017-12-14 17:13:24'),
(17, 'A113', 1, '10.70.123.13', '10.70.122.13', NULL, NULL, 0, '2019-05-17 03:36:17'),
(18, 'A114', 1, '10.70.123.14', '10.70.122.14', NULL, NULL, 0, '2020-09-22 10:15:17'),
(19, 'A115', 1, '10.70.123.15', '10.70.122.15', NULL, NULL, 0, '2019-03-18 18:55:00'),
(20, 'A116', 1, '10.70.123.16', '10.70.122.16', NULL, NULL, 0, '2020-09-29 04:58:57'),
(21, 'A117', 1, '10.70.123.17', '10.70.122.17', NULL, NULL, 0, '2020-09-15 15:19:55'),
(22, 'A118', 1, '10.70.123.18', '10.70.122.18', NULL, NULL, 0, '2020-01-13 06:40:23'),
(23, 'A119', 1, '10.70.123.19', '10.70.122.19', NULL, NULL, 1, '2021-08-31 18:43:35'),
(24, 'A120', 1, '10.70.123.20', '10.70.122.20', NULL, NULL, 0, '2014-11-04 22:16:21'),
(25, 'A121', 1, '10.70.123.21', '10.70.122.21', NULL, NULL, 0, '2017-04-27 09:12:46'),
(26, 'A122', 1, '10.70.123.22', '10.70.122.22', NULL, NULL, 0, '2017-03-23 14:34:34'),
(27, 'A123', 1, '10.70.123.23', '10.70.122.23', NULL, NULL, 0, '2018-08-20 23:08:08'),
(28, 'A124', 1, '10.70.123.24', '10.70.122.24', NULL, NULL, 0, '2018-12-23 17:52:48'),
(29, 'A125', 1, '10.70.123.25', '10.70.122.25', NULL, NULL, 0, '2021-11-30 01:18:56'),
(30, 'A126', 1, '10.70.123.26', '10.70.122.26', NULL, NULL, 1, '2021-12-14 16:31:03'),
(31, 'A127', 1, '10.70.123.27', '10.70.122.27', NULL, NULL, 1, '2021-12-14 16:25:51'),
(32, 'A128', 1, '10.70.123.28', '10.70.122.28', NULL, NULL, 0, '2021-07-29 03:30:10'),
(33, 'A129', 1, '10.70.123.29', '10.70.122.29', NULL, NULL, 1, '2021-12-14 16:25:08'),
(34, 'A130', 1, '10.70.123.30', '10.70.122.30', NULL, NULL, 1, '2021-12-14 14:02:03'),
(35, 'EX51', 2, '10.70.123.67', '10.70.122.67', NULL, NULL, 0, '0000-00-00 00:00:00'),
(36, 'EX110', 2, '10.70.123.69', '10.70.122.69', NULL, NULL, 0, '0000-00-00 00:00:00'),
(37, 'EX112', 2, '10.70.123.70', '10.70.122.70', NULL, NULL, 0, '0000-00-00 00:00:00'),
(38, 'EX118', 2, '10.70.123.71', '10.70.122.71', NULL, NULL, 0, '2019-02-12 14:07:40'),
(39, 'EX119', 2, '10.70.123.72', '10.70.122.72', NULL, NULL, 0, '0000-00-00 00:00:00'),
(40, 'EX139', 2, '10.70.123.85', '10.70.122.85', NULL, NULL, 1, '2021-12-14 15:53:51'),
(41, 'EX121', 2, '10.70.123.74', '10.70.122.74', NULL, NULL, 0, '2016-04-11 08:22:40'),
(43, 'EX125', 2, '10.70.123.75', '10.70.122.75', NULL, NULL, 0, '2015-09-08 09:18:17'),
(44, 'EX126', 2, '10.70.123.76', '10.70.122.76', NULL, NULL, 0, '2019-03-05 13:04:35'),
(45, 'EX127', 2, '10.70.123.77', '10.70.122.77', NULL, NULL, 0, '2015-03-06 12:50:11'),
(46, 'EX130', 2, '10.70.123.84', '10.70.122.84', NULL, NULL, 1, '2021-12-14 15:32:38'),
(47, 'EX132', 2, '10.70.123.127', '10.70.122.127', NULL, NULL, 1, '2021-12-14 16:32:43'),
(48, 'EX133', 2, '10.70.123.128', '10.70.122.128', NULL, NULL, 1, '2021-12-14 16:32:39'),
(49, 'EX134', 2, '10.70.123.65', '10.70.122.65', NULL, NULL, 0, '2020-04-16 21:01:06'),
(50, 'EX135', 2, '10.70.123.66', '10.70.122.66', NULL, NULL, 1, '2021-12-14 16:32:07'),
(51, 'EX136', 2, '10.70.123.126', '10.70.122.126', NULL, NULL, 1, '2021-12-14 16:28:40'),
(52, 'EX137', 2, '10.70.123.78', '10.70.122.78', NULL, NULL, 0, '2021-11-22 18:26:58'),
(53, 'EX142', 2, '10.70.123.79', '10.70.122.79', NULL, NULL, 0, '2017-01-13 14:11:03'),
(54, 'EX143', 2, '10.70.123.68', '10.70.122.68', NULL, NULL, 1, '2021-07-07 19:04:01'),
(55, 'EX144', 2, '10.70.123.80', '10.70.122.80', NULL, NULL, 1, '2021-12-14 16:27:31'),
(56, 'EX145', 2, '10.70.123.81', '10.70.122.81', NULL, NULL, 1, '2019-08-26 12:24:39'),
(58, 'Peregruzka_11', 3, '10.70.120.19', '', NULL, NULL, 1, '0000-00-00 00:00:00'),
(61, 'PS_9_Rocket', 3, '10.70.120.17', '', NULL, NULL, 1, '0000-00-00 00:00:00'),
(62, 'QVARZITNAYA', 3, '10.70.120.16', '', NULL, NULL, 1, '0000-00-00 00:00:00'),
(65, 'Stoyanka_GBM', 3, '10.70.120.21', '', NULL, NULL, 0, '0000-00-00 00:00:00'),
(67, 'A131', 1, '10.70.123.31', '10.70.122.31', NULL, 'Переименован в А229 из А131 30.11.2021', 1, '2021-12-14 16:29:51'),
(69, 'A132', 1, '10.70.123.32', '10.70.122.32', NULL, NULL, 1, '2021-12-14 01:12:03'),
(71, 'A134', 1, '10.70.123.34', '10.70.122.34', NULL, NULL, 0, '2021-08-23 06:37:49'),
(73, 'A135', 1, '10.70.123.35', '10.70.122.35', NULL, NULL, 1, '2021-12-14 16:28:13'),
(75, 'A136', 1, '10.70.123.36', '10.70.122.36', NULL, NULL, 1, '2021-12-14 16:26:01'),
(79, 'A133', 1, '10.70.123.33', '10.70.122.33', NULL, NULL, 1, '2021-12-14 16:30:39'),
(81, 'EX120', 2, '10.70.123.73', '10.70.122.73', NULL, NULL, 0, '2017-06-06 09:23:57'),
(83, 'EX146', 2, '10.70.123.86', '10.70.122.86', NULL, NULL, 0, '2020-12-20 23:51:30'),
(85, 'EX96', 2, '10.70.123.87', '10.70.122.87', NULL, NULL, 0, '0000-00-00 00:00:00'),
(87, 'EX1', 2, '10.70.123.89', '10.70.122.89', NULL, NULL, 1, '2021-12-14 16:31:41'),
(89, 'EX4', 2, '10.70.123.90', '10.70.122.90', NULL, NULL, 1, '2021-12-14 16:30:57'),
(91, 'EX5', 2, '10.70.123.91', '10.70.122.91', NULL, 'AP-Repeater client', 0, '2020-06-19 20:41:59'),
(95, 'EX8', 2, '10.70.123.92', '10.70.122.92', NULL, NULL, 1, '2021-12-14 16:29:18'),
(97, 'EX9', 2, '10.70.123.93', '10.70.122.93', NULL, NULL, 1, '2021-12-14 09:48:14'),
(101, 'A137', 1, '10.70.123.37', '10.70.122.37', NULL, NULL, 1, '2021-12-14 16:32:42'),
(103, 'PP11_elektro', 3, '10.70.120.98', '', NULL, NULL, 0, '2014-01-21 09:25:25'),
(105, 'A500', 1, '10.70.123.82', '10.70.122.82', NULL, NULL, 1, '2021-12-06 20:22:06'),
(107, 'lgkdisp', 4, '10.70.121.3', '', NULL, 'Основной сервер Dispatch', 1, NULL),
(109, 'PowerView', 4, '10.70.121.5', '', NULL, 'Сервер PowerView', 1, NULL),
(113, 'EX128', 2, '10.70.123.67', '10.70.122.67', NULL, NULL, 1, '2021-12-14 15:56:22'),
(115, 'EX147', 2, '10.70.123.88', '10.70.122.88', NULL, NULL, 1, '2020-05-07 23:32:04'),
(117, 'EX7', 2, '10.70.123.95', '10.70.122.95', NULL, NULL, 1, '2021-12-13 19:31:45'),
(119, 'EX141', 2, '10.70.123.96', '10.70.122.96', NULL, NULL, 1, '2021-12-14 16:26:57'),
(121, 'EX122', 2, '10.70.123.97', '10.70.122.97', NULL, NULL, 0, '2016-07-04 17:10:46'),
(123, 'SMOTR_2', 3, '10.70.120.22', '', NULL, 'Базовая станция для обеспечения WiFi в карьере для технических специалистов и для резерва на случай проблем с оптическим кольцом', 1, NULL),
(125, 'pp11_minipack', 3, '10.70.120.93', '', NULL, NULL, 0, NULL),
(127, 'EX129', 2, '10.70.123.98', '10.70.122.98', NULL, NULL, 1, '2021-03-05 00:16:07'),
(129, 'EX138', 2, '10.70.123.99', '10.70.122.99', NULL, NULL, 1, '2021-12-14 16:26:24'),
(131, 'EX131', 2, '10.70.123.100', '10.70.122.100', NULL, NULL, 1, '2021-12-14 16:29:42'),
(133, 'A138', 1, '10.70.123.38', '10.70.122.38', NULL, NULL, 1, '2021-12-14 14:41:19'),
(135, 'A139', 1, '10.70.123.39', '10.70.122.39', NULL, NULL, 1, '2021-12-14 16:25:55'),
(137, 'A140', 1, '10.70.123.40', '10.70.122.40', NULL, NULL, 1, '2021-12-14 16:29:00'),
(139, 'EX454', 2, '10.70.123.114', '10.70.122.114', NULL, NULL, 1, '2021-12-13 05:07:20'),
(141, 'EX451', 2, '10.70.123.112', '10.70.122.112', NULL, NULL, 0, '2021-10-19 19:01:08'),
(143, 'EX452', 2, '10.70.123.113', '10.70.122.113', NULL, NULL, 1, '2021-11-23 23:35:18'),
(145, 'EX10', 2, '10.70.123.117', '10.70.122.117', NULL, NULL, 0, '2021-11-15 13:47:37'),
(146, 'A141', 1, '10.70.123.41', '10.70.122.41', NULL, NULL, 1, '2021-12-14 02:18:37'),
(147, 'A142', 1, '10.70.123.42', '10.70.122.42', NULL, NULL, 1, '2021-12-14 16:26:23'),
(148, 'A143', 1, '10.70.123.43', '10.70.122.43', NULL, NULL, 1, '2021-12-04 18:05:07'),
(149, 'EX12', 2, '10.70.123.119', '10.70.122.119', NULL, NULL, 1, '2021-12-14 16:32:50'),
(150, 'EX450', 2, '10.70.123.94', '10.70.122.94', NULL, NULL, 1, '2021-12-14 16:31:08'),
(151, 'A144', 1, '10.70.123.44', '10.70.122.44', NULL, NULL, 1, '2021-12-14 16:28:53'),
(152, 'A145', 1, '10.70.123.45', '10.70.122.45', NULL, NULL, 1, '2021-12-14 16:27:01'),
(153, 'A146', 1, '10.70.123.46', '10.70.122.46', NULL, NULL, 1, '2021-12-14 16:30:49'),
(154, 'EX14', 2, '10.70.123.122', '10.70.122.122', NULL, NULL, 1, '2021-12-14 16:32:04'),
(155, 'A147', 1, '10.70.123.47', '10.70.122.47', NULL, NULL, 1, '2021-12-12 09:49:31'),
(156, 'A148', 1, '10.70.123.48', '10.70.122.48', NULL, NULL, 1, '2021-12-13 09:36:28'),
(157, 'A149', 1, '10.70.123.49', '10.70.122.49', NULL, NULL, 1, '2021-12-14 15:35:51'),
(158, 'A150', 1, '10.70.123.50', '10.70.122.50', NULL, NULL, 1, '2021-12-14 16:26:15'),
(159, 'A151', 1, '10.70.123.51', '10.70.122.51', NULL, NULL, 1, '2021-12-14 16:25:27'),
(160, 'A152', 1, '10.70.123.52', '10.70.122.52', NULL, NULL, 1, '2021-12-14 16:28:07'),
(161, 'EX15', 2, '10.70.123.123', '10.70.122.123', NULL, NULL, 1, '2021-12-14 16:29:12'),
(162, 'Drill001', 5, '10.70.124.17', '10.70.124.19', NULL, NULL, 1, NULL),
(163, 'Drill002', 5, '10.70.124.27', '10.70.124.29', NULL, NULL, 1, NULL),
(165, 'Drill096', 5, '10.70.124.117', '10.70.124.119', NULL, NULL, 1, NULL),
(166, 'Drill097', 5, '10.70.124.127', '10.70.124.129', NULL, NULL, 1, NULL),
(167, 'Drill098', 5, '10.70.124.137', '10.70.124.139', NULL, NULL, 0, NULL),
(168, 'Drill099', 5, '10.70.124.147', '10.70.124.149', NULL, NULL, 1, NULL),
(169, 'Drill100', 5, '10.70.124.2', '10.70.124.4', NULL, NULL, 1, NULL),
(170, 'Drill102', 5, '10.70.124.22', '10.70.124.24', NULL, NULL, 1, NULL),
(171, 'Drill103', 5, '10.70.124.32', '10.70.124.34', NULL, NULL, 1, NULL),
(172, 'Drill105', 5, '10.70.124.52', '10.70.124.54', NULL, NULL, 1, NULL),
(173, 'Drill106', 5, '10.70.124.62', '10.70.124.64', NULL, NULL, 1, NULL),
(174, 'Drill107', 5, '10.70.124.72', '10.70.124.74', NULL, NULL, 1, NULL),
(175, 'Drill108', 5, '10.70.124.82', '10.70.124.84', NULL, NULL, 0, NULL),
(176, 'Drill109', 5, '10.70.124.92', '10.70.124.94', NULL, NULL, 1, NULL),
(177, 'Drill111', 5, '10.70.124.112', '10.70.124.114', NULL, NULL, 1, NULL),
(178, 'SZM131', 6, '10.70.124.202', '10.70.124.204', '10.70.24.222', NULL, 1, NULL),
(179, 'SZM132', 6, '10.70.124.207', '10.70.124.209', '10.70.24.226', NULL, 1, NULL),
(180, 'SZM133', 6, '10.70.124.212', '10.70.124.214', '10.70.24.230', NULL, 1, NULL),
(181, 'SZM134', 6, '10.70.124.217', '10.70.124.219', '10.70.24.234', NULL, 1, NULL),
(182, 'SZM135', 6, '10.70.124.222', '10.70.124.224', '10.70.24.238', NULL, 1, NULL),
(183, 'A153', 1, '10.70.123.53', '10.70.122.53', NULL, NULL, 1, '2021-12-14 07:51:21'),
(184, 'A154', 1, '10.70.123.54', '10.70.122.54', NULL, NULL, 1, '2021-12-14 16:26:49'),
(185, 'A155', 1, '10.70.123.55', '10.70.122.55', NULL, NULL, 1, '2021-12-14 16:25:39'),
(186, 'EX17', 2, '10.70.123.124', '10.70.122.124', NULL, 'Китаец. Установлен в конце марта 2020.', 1, '2021-12-14 16:26:38'),
(208, '9_ps_v2', 3, '10.70.120.25', '', NULL, NULL, 1, NULL),
(209, 'BVU_GARAGE_Bullet', 3, '10.70.24.220', '', NULL, NULL, 1, NULL),
(210, 'EX500', 2, '10.70.123.140', '10.70.123.142', NULL, 'Для настройки', 1, '2021-01-20 08:21:47'),
(211, 'A156', 1, '10.70.123.56', '10.70.122.56', NULL, NULL, 1, '2021-12-14 16:32:47'),
(212, 'A157', 1, '10.70.123.57', '10.70.122.57', NULL, NULL, 1, '2021-12-14 16:29:27'),
(213, 'A158', 1, '10.70.123.58', '10.70.122.58', NULL, NULL, 1, '2021-12-14 13:18:46'),
(214, 'Drill004', 5, '10.70.124.47', '10.70.124.49', NULL, NULL, 1, NULL),
(215, 'BVU_GARAGE_Bullet2', 3, '10.70.24.241', NULL, NULL, NULL, 1, NULL),
(216, 'EX19', 2, '10.70.123.125', '10.70.122.125', NULL, NULL, 1, '2021-12-14 16:25:33'),
(217, 'asugtkarhiv', 4, '10.70.121.9', NULL, NULL, 'Сервер резервного копирования', 1, NULL),
(218, 'A159', 1, '10.70.123.59', '10.70.122.59', NULL, NULL, 1, '2021-12-14 16:26:02'),
(219, 'A160', 1, '10.70.123.60', '10.70.122.60', NULL, NULL, 1, '2021-12-14 16:25:46'),
(220, 'A161', 1, '10.70.123.61', '10.70.122.61', NULL, NULL, 1, '2021-12-14 16:29:12'),
(221, 'A501', 1, '10.70.123.141', '10.70.122.83', NULL, 'для настройки и тестирования', 1, NULL),
(222, 'A162', 1, '10.70.123.62', '10.70.122.62', NULL, NULL, 1, '2021-12-14 16:32:10'),
(223, 'EX449', 2, '10.70.123.120', '10.70.122.120', NULL, NULL, 1, '2021-12-14 16:31:26'),
(224, 'SZM103', 6, '10.70.124.227', '10.70.124.229', '10.70.24.221', NULL, 1, NULL),
(225, 'SZM104', 6, '10.70.124.232', '10.70.124.234', '10.70.24.225', NULL, 1, NULL),
(226, 'Drill005', 5, '10.70.124.57', '10.70.124.59', NULL, NULL, 1, NULL),
(227, 'Drill007', 5, '10.70.124.77', '10.70.124.79', NULL, NULL, 1, NULL);

--
-- Дамп данных таблицы `equipment_interfaces`
--

INSERT INTO `equipment_interfaces` (`id`, `equipment`, `interface`) VALUES
(1635, 2, 17),
(1627, 4, 17),
(1645, 5, 2),
(1647, 5, 3),
(1391, 5, 5),
(1393, 5, 7),
(1643, 5, 23),
(1657, 6, 2),
(1659, 6, 3),
(1399, 6, 5),
(1401, 6, 7),
(1655, 6, 23),
(1663, 7, 2),
(1661, 7, 3),
(1403, 7, 5),
(1405, 7, 7),
(1665, 7, 23),
(1669, 8, 2),
(1667, 8, 3),
(1407, 8, 5),
(1409, 8, 7),
(1671, 8, 23),
(1675, 9, 2),
(1673, 9, 3),
(1411, 9, 5),
(1413, 9, 7),
(1677, 9, 23),
(1681, 15, 2),
(1679, 15, 3),
(1683, 15, 23),
(1687, 16, 2),
(1685, 16, 3),
(1419, 16, 5),
(1421, 16, 7),
(1689, 16, 23),
(1693, 17, 2),
(1691, 17, 3),
(1423, 17, 5),
(1425, 17, 7),
(1695, 17, 23),
(1699, 18, 2),
(1697, 18, 3),
(1427, 18, 5),
(1429, 18, 7),
(1701, 18, 23),
(1705, 19, 2),
(1703, 19, 3),
(1431, 19, 5),
(1433, 19, 7),
(1707, 19, 23),
(1711, 20, 2),
(1709, 20, 3),
(1435, 20, 5),
(1437, 20, 7),
(1713, 20, 23),
(1717, 21, 2),
(1715, 21, 3),
(1439, 21, 5),
(1441, 21, 7),
(1719, 21, 23),
(1723, 22, 2),
(1721, 22, 3),
(1443, 22, 5),
(1445, 22, 7),
(1725, 22, 23),
(1729, 23, 2),
(1727, 23, 3),
(1447, 23, 5),
(1449, 23, 7),
(1731, 23, 23),
(1855, 25, 2),
(1733, 25, 3),
(1451, 25, 5),
(1453, 25, 7),
(1737, 25, 23),
(1853, 26, 2),
(1739, 26, 3),
(1455, 26, 5),
(1457, 26, 7),
(1743, 26, 23),
(1851, 27, 2),
(1745, 27, 3),
(1459, 27, 5),
(1461, 27, 7),
(1749, 27, 23),
(1849, 28, 2),
(1751, 28, 3),
(1463, 28, 5),
(1465, 28, 7),
(1755, 28, 23),
(1759, 29, 2),
(1757, 29, 3),
(1467, 29, 5),
(1469, 29, 7),
(1761, 29, 23),
(1765, 30, 2),
(1763, 30, 3),
(1471, 30, 5),
(1473, 30, 7),
(1767, 30, 23),
(1771, 31, 2),
(1769, 31, 3),
(1475, 31, 5),
(1477, 31, 7),
(1773, 31, 23),
(1777, 32, 2),
(1775, 32, 3),
(1479, 32, 5),
(1481, 32, 7),
(1779, 32, 23),
(1783, 33, 2),
(1781, 33, 3),
(1483, 33, 5),
(1485, 33, 7),
(1785, 33, 23),
(1789, 34, 2),
(1787, 34, 3),
(1487, 34, 5),
(1489, 34, 7),
(1791, 34, 23),
(1523, 38, 5),
(1525, 38, 7),
(1579, 40, 5),
(1581, 40, 7),
(1531, 44, 5),
(1533, 44, 7),
(1543, 46, 5),
(1545, 46, 7),
(1551, 47, 5),
(1553, 47, 7),
(1555, 48, 5),
(1557, 48, 7),
(1559, 49, 5),
(1561, 49, 7),
(1563, 50, 5),
(1565, 50, 7),
(1567, 51, 5),
(1569, 51, 7),
(1571, 52, 5),
(1573, 52, 7),
(1587, 54, 5),
(1589, 54, 7),
(1591, 55, 5),
(1593, 55, 7),
(1595, 56, 5),
(1597, 56, 7),
(1629, 58, 17),
(1631, 61, 17),
(1633, 62, 17),
(1795, 67, 2),
(1793, 67, 3),
(1491, 67, 5),
(1493, 67, 7),
(1797, 67, 23),
(1801, 69, 2),
(1799, 69, 3),
(1495, 69, 5),
(1497, 69, 7),
(1803, 69, 23),
(1847, 71, 2),
(1811, 71, 3),
(1503, 71, 5),
(1505, 71, 7),
(1815, 71, 23),
(1845, 73, 2),
(1817, 73, 3),
(1507, 73, 5),
(1509, 73, 7),
(1821, 73, 23),
(1843, 75, 2),
(1823, 75, 3),
(1511, 75, 5),
(1513, 75, 7),
(1827, 75, 23),
(1651, 77, 2),
(1653, 77, 3),
(1395, 77, 5),
(1397, 77, 7),
(1649, 77, 23),
(1807, 79, 2),
(1805, 79, 3),
(1499, 79, 5),
(1501, 79, 7),
(1809, 79, 23),
(1527, 81, 5),
(1529, 81, 7),
(1599, 83, 5),
(1601, 83, 7),
(1519, 87, 5),
(1521, 87, 7),
(1607, 89, 5),
(1609, 89, 7),
(1611, 91, 5),
(1613, 91, 7),
(1619, 95, 5),
(1621, 95, 7),
(1623, 97, 5),
(1625, 97, 7),
(1841, 101, 2),
(1829, 101, 3),
(1515, 101, 5),
(1517, 101, 7),
(1833, 101, 23),
(1379, 107, 11),
(1381, 107, 13),
(1383, 107, 15),
(1385, 107, 19),
(1387, 107, 21),
(1389, 109, 9),
(1535, 113, 5),
(1537, 113, 7),
(1603, 115, 5),
(1605, 115, 7),
(1615, 117, 5),
(1617, 117, 7),
(1583, 119, 5),
(1585, 119, 7),
(1637, 123, 17),
(1539, 127, 5),
(1541, 127, 7),
(1575, 129, 5),
(1577, 129, 7),
(1547, 131, 5),
(1549, 131, 7),
(1837, 133, 2),
(1835, 133, 3),
(1639, 133, 5),
(1641, 133, 7),
(1839, 133, 23),
(1891, 135, 2),
(1873, 135, 3),
(1867, 135, 5),
(1869, 135, 7),
(1871, 135, 23),
(1895, 137, 2),
(1893, 137, 3),
(1875, 137, 5),
(1877, 137, 7),
(1897, 137, 23),
(1879, 139, 5),
(1881, 139, 7),
(1883, 141, 5),
(1885, 141, 7),
(1887, 143, 5),
(1889, 143, 7),
(1901, 145, 5),
(1899, 145, 7),
(1914, 146, 2),
(1907, 146, 3),
(1902, 146, 5),
(1903, 146, 7),
(1908, 146, 23),
(1915, 147, 2),
(1910, 147, 3),
(1904, 147, 5),
(1905, 147, 7),
(1911, 147, 23),
(1916, 148, 2),
(1918, 148, 3),
(1912, 148, 5),
(1913, 148, 7),
(1917, 148, 23),
(1920, 149, 5),
(1919, 149, 7),
(1923, 150, 5),
(1924, 150, 7),
(1932, 151, 2),
(1933, 151, 3),
(1925, 151, 5),
(1926, 151, 7),
(1931, 151, 23),
(1935, 152, 2),
(1936, 152, 3),
(1927, 152, 5),
(1928, 152, 7),
(1934, 152, 23),
(1938, 153, 2),
(1939, 153, 3),
(1929, 153, 5),
(1930, 153, 7),
(1937, 153, 23),
(1940, 154, 5),
(1941, 154, 7),
(1950, 155, 2),
(1947, 155, 3),
(1942, 155, 5),
(1943, 155, 7),
(1946, 155, 23),
(1951, 156, 2),
(1949, 156, 3),
(1944, 156, 5),
(1945, 156, 7),
(1948, 156, 23),
(1956, 157, 2),
(1957, 157, 3),
(1952, 157, 5),
(1953, 157, 7),
(1955, 157, 23),
(1967, 158, 2),
(1968, 158, 3),
(1958, 158, 5),
(1959, 158, 7),
(1966, 158, 23),
(1970, 159, 2),
(1971, 159, 3),
(1960, 159, 5),
(1961, 159, 7),
(1969, 159, 23),
(1973, 160, 2),
(1974, 160, 3),
(1962, 160, 5),
(1963, 160, 7),
(1972, 160, 23),
(1964, 161, 5),
(1965, 161, 7),
(2010, 162, 5),
(2011, 163, 5),
(2013, 165, 5),
(2014, 166, 5),
(2015, 167, 5),
(2016, 168, 5),
(2017, 169, 5),
(2018, 170, 5),
(2019, 171, 5),
(2020, 172, 5),
(2021, 173, 5),
(2022, 174, 5),
(2023, 175, 5),
(2024, 176, 5),
(2025, 177, 5),
(2026, 178, 5),
(2027, 179, 5),
(2028, 180, 5),
(2029, 181, 5),
(2030, 182, 5),
(1987, 183, 2),
(1986, 183, 3),
(1977, 183, 5),
(1978, 183, 7),
(1988, 183, 23),
(1990, 184, 2),
(1989, 184, 3),
(1975, 184, 5),
(1976, 184, 7),
(1991, 184, 23),
(1993, 185, 2),
(1992, 185, 3),
(1979, 185, 5),
(1980, 185, 7),
(1994, 185, 23),
(1981, 186, 5),
(1982, 186, 7),
(1984, 208, 17),
(1985, 209, 17),
(1995, 211, 2),
(1996, 211, 3),
(1999, 211, 5),
(1998, 211, 7),
(1997, 211, 23),
(2002, 212, 2),
(2004, 212, 3),
(2000, 212, 5),
(2001, 212, 7),
(2003, 212, 23),
(2008, 213, 2),
(2033, 213, 3),
(2005, 213, 5),
(2006, 213, 7),
(2007, 213, 23),
(2012, 214, 5),
(2009, 215, 17),
(2031, 216, 5),
(2032, 216, 7),
(2048, 218, 2),
(2047, 218, 3),
(2034, 218, 5),
(2035, 218, 7),
(2050, 219, 2),
(2049, 219, 3),
(2036, 219, 5),
(2037, 219, 7),
(2052, 220, 2),
(2051, 220, 3),
(2039, 220, 5),
(2038, 220, 7),
(2054, 222, 2),
(2053, 222, 3),
(2040, 222, 5),
(2041, 222, 7),
(2042, 223, 5),
(2043, 223, 7),
(2045, 224, 5),
(2046, 225, 5),
(2044, 226, 5);

--
-- Дамп данных таблицы `interface_monitoring_off`
--

INSERT INTO `interface_monitoring_off` (`id`, `equipment`, `ref_interface`, `Active`, `datetimestart`, `datetimeend`, `reason`, `reason_category`, `FIO`) VALUES
(6, 25, 1, 0, '2013-09-16 08:21:37', '2013-10-31 11:36:36', 'Установлена система ВИМС', 0, 'Рощупкин А.В.'),
(8, 29, 1, 0, '2013-09-16 08:21:51', '2013-10-07 13:37:29', 'Установлена система ВИСТ', 0, 'Рощупкин А.В.'),
(10, 31, 1, 0, '2013-09-16 08:22:07', '2013-10-31 11:36:38', 'Установлена система ВИСТ', 0, 'Рощупкин А.В.'),
(12, 19, 1, 0, '2013-09-16 08:22:54', '2013-12-04 14:07:50', 'Отсутствуют датчики', 0, 'Рощупкин А.В.'),
(17, 67, 1, 0, '2013-09-16 10:02:01', '2013-10-31 11:36:42', 'Не установлен VEI. Собран из ЗИП', 0, 'Рощупкин А.В.'),
(30, 27, 1, 0, '2013-09-16 17:16:47', '2013-09-17 09:35:23', 'Отсутствует кабель Vei-GSP', 0, 'Рощупкин А.В.'),
(32, 10, 1, 0, '2013-09-17 09:51:23', '2013-09-18 11:24:38', 'На мониторе No Link Connected. Неисправность передана в АТУ.', 0, 'Рощупкин А.В.'),
(33, 10, 1, 0, '2013-09-18 11:27:57', '2013-09-19 09:13:59', 'На сониторе VEI No Link. Информация передана в АТУ', 0, 'Рощупкин А.В.'),
(35, 5, 1, 0, '2013-09-18 15:13:16', '2013-10-31 11:36:33', 'СКЗ ВИСТ', 0, 'Антонюк Э.Д.'),
(37, 8, 1, 0, '2013-09-18 15:13:23', '2013-09-19 10:17:56', 'ППР', 0, 'Антонюк Э.Д.'),
(39, 21, 1, 0, '2013-10-01 12:42:39', '2013-10-03 09:07:11', 'NO LINKS', 0, 'Антонюк ЭД'),
(41, 26, 1, 0, '2013-10-07 13:35:27', '2013-10-07 14:05:21', '111', 1, '111'),
(43, 29, 1, 0, '2013-10-07 13:37:55', '2013-10-07 13:57:52', 'Установлен СКЗ ВИСТ', 1, 'Рощупкин А.В.'),
(45, 29, 1, 0, '2013-10-07 13:58:26', '2013-10-31 11:36:40', 'Установлен СКЗ ВИСТ', 0, 'Рощупкин А.В.'),
(47, 33, 1, 0, '2013-10-07 14:29:27', '2013-10-07 14:51:37', 'Тестовое выключение', 1, 'Рощупкин А.В.'),
(49, 33, 1, 0, '2013-10-07 14:52:03', '2013-10-07 14:54:00', 'Тестовое выключение', 1, 'Рощупкин'),
(51, 8, 1, 0, '2013-10-08 16:06:08', '2013-10-14 08:54:06', 'нет связи', 1, 'Антонюк'),
(53, 26, 1, 0, '2013-10-08 16:06:18', '2013-10-14 08:54:03', 'Нет связи', 1, 'Антонюк'),
(55, 18, 1, 0, '2013-10-08 16:52:06', '2013-10-08 16:53:22', 'Неисправность', 1, 'Рощупкин'),
(57, 28, 1, 0, '2013-10-11 14:35:51', '2013-10-14 08:54:00', 'Нет сигнала после ремонтных работ 9/10  !', 1, 'Антонюк'),
(59, 29, 1, 0, '2013-10-31 11:37:11', '2013-10-31 11:37:22', 'СКЗ ВИСТ', 1, 'Антонюк'),
(61, 29, 1, 1, '2013-10-31 11:37:48', NULL, 'СКЗ ВИСТ', 0, 'Антонюк'),
(63, 25, 1, 0, '2013-10-31 11:40:37', '2013-11-27 08:55:13', 'СКЗ VIMS', 0, 'Антонюк'),
(65, 67, 1, 0, '2013-10-31 11:41:08', '2013-12-20 10:34:17', 'Монтаж системы', 0, 'Антонюк'),
(67, 69, 1, 0, '2013-10-31 11:41:22', '2013-12-20 10:34:14', 'Монтаж системы', 0, 'Антонюк'),
(69, 31, 1, 0, '2013-10-31 11:41:37', '2014-01-20 12:24:25', '', 1, 'Антонюк'),
(71, 5, 1, 0, '2013-10-31 11:42:05', '2013-10-31 11:42:10', '', 1, 'Антонюк'),
(73, 5, 1, 0, '2013-10-31 11:42:16', '2015-02-02 13:23:36', '', 0, 'Антонюк'),
(75, 25, 1, 0, '2013-11-27 16:29:59', '2014-01-20 12:24:50', 'Установлен VIMS', 0, 'Антонюк'),
(77, 69, 1, 0, '2013-12-20 11:07:18', '2013-12-20 15:09:47', 'Установлен ВИСТ', 0, 'Антонюк'),
(79, 67, 1, 0, '2013-12-20 11:08:04', '2013-12-20 11:08:11', '', 0, 'Антонюк'),
(81, 67, 1, 0, '2013-12-20 11:08:22', '2013-12-20 15:09:46', 'Установлен ВИСТ', 0, 'Антонюк'),
(83, 69, 1, 1, '2013-12-20 15:32:11', NULL, 'Установлен ВИСТ', 0, 'Антонюк'),
(85, 67, 1, 0, '2013-12-20 15:32:24', '2014-02-18 08:14:47', 'Установлен ВИСТ', 0, 'Антонюк'),
(87, 25, 1, 1, '2014-01-20 12:25:20', NULL, 'Установлена система VIMS', 0, 'Антонюк'),
(89, 31, 1, 1, '2014-01-20 12:25:50', NULL, 'СКЗ ВИСТ', 0, 'Антонюк'),
(91, 7, 1, 0, '2014-02-12 16:07:03', '2014-08-23 21:53:04', 'снят блок DUMPER', 1, 'Антонюк'),
(93, 67, 1, 0, '2014-02-18 08:15:02', '2014-08-23 21:54:00', 'ВИСТ', 0, 'Антонюк'),
(95, 18, 5, 0, '2014-02-24 15:46:56', '2014-02-24 16:34:15', 'Находится на длительном ремонте', 0, 'Рощупкин А.В.'),
(97, 28, 5, 0, '2014-02-24 15:48:02', '2014-02-24 16:34:25', 'Большое количество потерянных пакетов', 1, 'Рощупкин А.В.'),
(99, 5, 5, 0, '2014-02-24 16:34:52', '2014-02-24 16:35:47', 'Проверка', 1, 'Рощупкин А.В.'),
(101, 6, 5, 0, '2014-02-24 16:42:34', '2014-02-24 16:43:17', 'Проверка', 1, 'Рощупкин А.В.'),
(103, 10, 5, 0, '2014-02-24 16:42:57', '2014-02-24 16:43:12', 'Проверка', 0, 'Рощупкин А.В.'),
(105, 15, 3, 0, '2014-02-24 16:46:46', '2014-02-24 16:47:48', 'Проверка', 1, 'Рощупкин А.В.'),
(107, 6, 3, 0, '2014-02-24 16:47:25', '2014-02-24 16:47:35', 'Проверка', 1, 'Рощупкин А.В.'),
(109, 77, 1, 1, '2014-03-04 08:32:13', NULL, 'ВИСТ', 0, 'Антонюк'),
(111, 71, 1, 1, '2014-03-04 08:37:23', NULL, 'подключен VIMS', 0, 'Антонюк'),
(113, 73, 1, 1, '2014-03-04 08:37:41', NULL, 'Подключен VIMS', 0, 'Антонюк'),
(115, 79, 1, 1, '2014-03-06 10:13:46', NULL, 'ВИСТ', 0, 'Антонюк'),
(117, 75, 1, 1, '2014-03-06 10:14:00', NULL, 'VIMS', 0, 'Антонюк'),
(119, 33, 5, 0, '2014-04-14 23:34:12', '2014-04-14 23:34:32', 'Тестирование', 1, 'Рощупкин А.В.'),
(121, 28, 5, 0, '2014-04-15 10:15:54', '2014-04-15 10:17:59', 'сломалась', 1, 'Бурцев'),
(123, 19, 5, 0, '2014-04-15 16:54:09', '2014-04-15 16:55:39', 'ftdyd', 1, 'trff'),
(125, 54, 5, 0, '2014-04-15 16:56:07', '2015-04-22 09:56:03', 'нету', 0, 'Зиновьев'),
(127, 6, 5, 0, '2014-04-16 10:02:52', '2014-04-16 10:04:46', 'Тест', 1, 'Рощупкин'),
(129, 6, 3, 0, '2014-04-16 10:04:58', '2014-04-16 10:05:45', 'Тест', 1, 'Рощупкин'),
(131, 5, 5, 0, '2014-04-16 10:13:22', '2014-04-16 11:02:24', 'Тест', 1, 'Рощупкин'),
(133, 5, 5, 0, '2014-04-16 14:53:07', '2014-04-16 15:12:15', 'Тест', 1, 'Рощупкин'),
(135, 79, 3, 0, '2014-04-16 14:53:25', '2014-04-16 15:12:26', 'Тест', 1, 'Рощупкин'),
(137, 89, 5, 0, '2014-04-16 18:54:11', '2014-04-16 22:36:28', 'Отключение ЛЭП, видимо не поставил статус задержка!', 0, 'Бурцев Р.А.'),
(139, 14, 5, 0, '2014-04-16 21:21:42', '2014-04-16 22:31:04', 'С 19:30 в пределах нормы', 0, 'Бурцев Р.А.'),
(141, 14, 5, 0, '2014-04-16 22:31:47', '2014-04-16 22:35:03', 'С 19:30 в пределах нормы', 0, 'Бурцев Р.А.'),
(143, 14, 5, 0, '2014-04-16 22:35:45', '2014-04-17 08:56:07', 'Учитывает потери в статусе пересменка при выключенном PTX', 1, 'Бурцев Р.А.'),
(145, 24, 5, 0, '2014-04-24 21:18:46', '2014-04-25 00:29:43', '0', 1, 'Бурцев'),
(147, 73, 5, 0, '2014-04-28 20:09:00', '2014-04-28 21:30:19', 'Ожидание погрузки со статусом готов\r\n', 1, 'Бурцев'),
(149, 19, 5, 0, '2014-04-28 21:29:52', '2014-04-28 22:07:28', 'временно', 1, 'Бурцев'),
(151, 73, 5, 0, '2014-04-28 21:30:30', '2014-04-28 22:08:11', 'временно\r\n', 1, 'Бурцев'),
(153, 19, 5, 0, '2014-04-28 22:08:05', '2014-04-29 01:12:27', 'С начала смены <2%', 1, 'Бурцев'),
(155, 73, 5, 0, '2014-04-28 22:08:20', '2014-04-29 01:12:33', 'С начала смены <2%', 1, 'Бурцев'),
(157, 87, 5, 0, '2014-05-02 19:34:15', '2014-05-03 06:12:33', '1', 1, 'Б'),
(159, 26, 5, 0, '2014-05-05 07:34:33', '2014-05-05 12:10:36', 'я в курсе', 1, 'Б'),
(161, 75, 5, 0, '2014-05-05 13:50:36', '2014-05-05 18:37:00', 'Заменил антенну\r\n', 1, 'Б'),
(163, 21, 5, 0, '2014-05-06 20:18:48', '2014-05-06 20:37:40', '1\r\n\r\n', 1, 'Б'),
(165, 21, 5, 0, '2014-05-06 20:37:52', '2014-05-06 23:55:47', 'Жалоб нет\r\n', 1, 'Б'),
(167, 87, 5, 0, '2014-05-14 22:05:21', '2014-05-15 00:39:45', 'ошибка рассчетов', 1, 'Б'),
(169, 53, 5, 0, '2014-05-17 11:11:48', '2014-05-17 18:02:53', '1\r\n', 1, 'Б'),
(171, 28, 5, 0, '2014-05-17 18:03:21', '2014-05-18 18:43:00', 'Ошибка OMS', 1, 'Б'),
(173, 67, 5, 0, '2014-05-18 22:03:43', '2014-05-19 00:17:09', 'жалоб нет', 1, 'Б'),
(175, 11, 5, 0, '2014-05-22 21:21:46', '2014-05-23 09:14:00', '1', 1, 'Б'),
(177, 87, 5, 0, '2014-05-22 21:21:58', '2014-05-25 07:33:08', '1\r\n', 1, 'Б'),
(179, 11, 5, 0, '2014-05-25 17:24:44', '2014-05-26 08:06:41', '1', 1, 'Б'),
(181, 55, 5, 0, '2014-05-25 18:03:06', '2014-05-26 13:21:29', 'диспетчер не поставил статус поломка\r\n', 1, 'Б'),
(183, 51, 5, 0, '2014-05-26 21:19:43', '2014-05-27 08:35:11', 'отключение ЛЭП', 1, 'Б'),
(185, 34, 5, 0, '2014-05-26 22:49:21', '2014-05-27 08:35:01', 'сломан', 1, 'Б'),
(187, 55, 5, 0, '2014-06-03 19:48:30', '2014-06-03 20:12:09', 'нет авто\r\n', 1, 'Б'),
(189, 27, 5, 0, '2014-06-10 15:23:52', '2014-06-11 09:16:27', '1', 1, 'Б'),
(191, 87, 5, 0, '2014-06-14 15:32:50', '2014-06-15 19:33:12', 'нет сети\r\n', 1, 'Б'),
(193, 48, 5, 0, '2014-06-14 15:33:06', '2014-06-15 19:33:08', 'нет сети\r\n', 1, 'Б'),
(195, 55, 5, 0, '2014-06-14 15:33:25', '2014-06-15 19:32:03', 'нет сети', 1, 'Б'),
(197, 91, 5, 0, '2014-06-14 15:33:36', '2014-06-15 19:33:16', 'сети', 1, 'Б'),
(199, 27, 5, 0, '2014-06-18 14:45:41', '2014-06-18 16:02:52', '1', 1, 'Б'),
(201, 67, 5, 0, '2014-06-27 08:34:41', '2014-06-27 13:24:00', 'неизвестна', 1, 'Прасолов В.Ю.'),
(203, 39, 5, 0, '2014-06-30 12:15:42', '2014-06-30 12:56:17', '1', 1, 'Б'),
(205, 55, 5, 0, '2014-07-13 14:40:12', '2014-07-14 15:35:21', 'Часто отключается (не отдают в ремонт)', 1, 'Прасолов В.Ю.'),
(207, 85, 5, 0, '2014-07-29 15:35:51', '2014-07-29 15:52:09', 'Снят комплект Modular', 0, 'Прасолов В.Ю.'),
(209, 55, 5, 0, '2014-08-15 00:01:50', '2014-08-15 06:12:51', '1', 1, '1'),
(211, 83, 5, 0, '2014-08-17 09:39:31', '2014-08-17 18:18:52', '1', 1, '1'),
(213, 56, 5, 0, '2014-08-26 18:00:40', '2014-08-26 18:43:38', 'Отключен PTX', 0, 'Прасолов В.Ю.'),
(215, 23, 5, 0, '2014-09-26 10:58:32', '2014-09-26 12:39:32', '14', 1, '1'),
(217, 41, 5, 0, '2014-09-30 12:06:09', '2014-10-01 07:08:46', '1', 1, '1'),
(219, 97, 5, 0, '2014-10-01 21:07:42', '2014-10-02 00:10:32', '1\r\n', 1, '1'),
(221, 53, 5, 0, '2014-10-01 23:50:21', '2014-10-02 06:07:37', '1', 1, '1'),
(223, 55, 5, 0, '2014-10-02 00:10:23', '2014-10-02 06:07:41', '1\r\n', 1, '1'),
(225, 91, 5, 0, '2014-10-06 03:07:21', '2014-10-06 06:14:33', '1', 1, '1'),
(227, 73, 7, 0, '2014-10-06 10:55:49', '2014-10-06 13:32:23', 'Требует выезда в карьер', 1, 'Рощупкин А.В.'),
(229, 33, 5, 0, '2014-10-11 00:29:48', '2014-10-11 00:29:48', '1', 1, '1'),
(231, 33, 5, 0, '2014-10-11 00:30:03', '2014-10-11 00:30:03', '1', 1, '1'),
(233, 33, 5, 0, '2014-10-11 00:30:12', '2014-10-11 00:30:12', 'ohlhjhvjlhflhvjlv', 1, '1'),
(235, 33, 5, 0, '2014-10-11 00:30:28', '2014-10-11 00:30:28', 'vjlvlvhlvlvklkl', 1, 'cklvkjlvkjlb'),
(237, 5, 7, 0, '2014-10-23 13:16:50', '2014-10-23 13:17:12', 'Необходим выезд в карьер', 1, 'Рощупкин А.В.'),
(239, 5, 7, 0, '2014-10-23 13:17:57', '2014-10-23 13:18:06', 'Необходим выезд в карьер', 1, 'Рощупкин А.В.'),
(241, 27, 5, 0, '2014-11-16 01:29:19', '2014-11-16 01:29:19', 'несовпадение IP адреса', 1, 'Прасолов'),
(243, 27, 5, 0, '2014-11-16 01:30:03', '2014-11-16 01:30:04', 'неисправность', 1, 'Прасолов'),
(245, 51, 7, 0, '2014-11-18 09:55:44', '2014-11-18 16:42:08', 'Не отдают для ремонта', 1, 'Прасолов'),
(247, 17, 1, 0, '2014-11-21 13:31:57', '2014-11-21 13:32:17', 'Отключен VEI. Идет настройка VIST', 1, 'Рощупкин'),
(249, 9, 1, 1, '2014-11-21 13:55:14', NULL, 'Используется система VIST', 0, 'Рощупкин'),
(251, 27, 1, 1, '2014-11-21 13:56:17', NULL, 'Используется система VIMS', 0, 'Рощупкин'),
(253, 33, 1, 0, '2014-11-21 13:57:00', '2014-11-21 13:57:02', 'Используется система VIST', 1, 'Рощупкин'),
(255, 33, 1, 1, '2014-11-21 13:57:40', NULL, 'Используется система VIST', 0, 'Рощупкин'),
(257, 67, 1, 1, '2014-11-21 13:58:12', NULL, 'Используется система VIST', 0, 'Рощупкин'),
(259, 101, 1, 1, '2014-11-21 14:00:34', NULL, 'Используется система VIMS', 0, 'Рощупкин'),
(261, 44, 7, 0, '2014-12-08 14:34:53', '2014-12-08 19:06:32', 'хез', 1, 'Зиновьев Е М'),
(263, 9, 7, 0, '2014-12-10 23:00:06', '2014-12-11 10:51:21', 'после обновления нет данных по GPS', 0, 'Уткин Д.Н.'),
(265, 18, 7, 0, '2014-12-11 10:18:04', '2014-12-11 10:18:11', 'Тест', 0, 'Рощупкин'),
(267, 18, 7, 0, '2014-12-11 10:18:24', '2014-12-11 10:18:25', 'Тест', 1, 'Рощупкин'),
(269, 18, 7, 0, '2014-12-11 10:19:50', '2014-12-11 10:19:50', '111', 1, 'Рощупкин'),
(271, 17, 7, 0, '2014-12-11 10:20:50', '2014-12-11 10:20:50', 'Тест', 1, 'Рощупкин'),
(273, 67, 7, 0, '2014-12-15 14:19:50', '2014-12-15 14:42:38', '111', 0, 'Рощупкин'),
(275, 67, 7, 0, '2014-12-15 14:42:51', '2014-12-15 14:42:52', '111', 1, 'Рощупкин'),
(277, 67, 5, 0, '2014-12-15 15:11:43', '2014-12-15 15:11:44', '222', 1, 'Рощупкин'),
(279, 67, 7, 0, '2014-12-15 15:28:05', '2014-12-15 15:28:02', '222', 1, 'Рощупкин'),
(281, 67, 7, 0, '2014-12-15 15:31:33', '2014-12-15 15:31:28', '444', 1, 'Рощупкин'),
(283, 67, 7, 0, '2014-12-15 16:01:07', '2014-12-15 16:01:07', '555', 1, 'Рощупкин'),
(285, 67, 7, 0, '2014-12-15 16:05:32', '2014-12-15 16:08:03', 'Тест 1', 1, 'Рощупкин'),
(287, 101, 7, 0, '2014-12-25 04:35:49', '2014-12-25 06:25:16', '1', 1, '1'),
(289, 51, 7, 0, '2014-12-25 05:30:20', '2014-12-25 06:24:55', '1', 1, '1'),
(291, 22, 7, 0, '2014-12-25 16:09:31', '2014-12-25 16:50:40', 'Не работает', 1, 'Рощупкин'),
(293, 101, 5, 0, '2015-01-01 23:00:47', '2015-01-01 23:01:01', '1', 1, '1'),
(295, 101, 7, 0, '2015-01-02 02:40:28', '2015-01-02 04:41:01', '1', 1, '1'),
(297, 97, 7, 0, '2015-01-02 23:48:27', '2015-01-03 07:36:23', 'Не дают останавливать экскаватор', 1, 'Прасолов В.Ю.'),
(299, 22, 5, 0, '2015-01-06 05:25:30', '2015-01-06 07:20:00', '1', 1, 'Прасолов В.Ю.'),
(301, 17, 5, 0, '2015-01-10 01:06:37', '2015-01-10 04:07:01', '1', 1, '1'),
(303, 27, 5, 0, '2015-01-10 01:06:45', '2015-01-10 03:16:46', '1', 1, '1'),
(305, 22, 7, 0, '2015-01-10 04:07:13', '2015-01-10 06:47:11', '1', 1, '1'),
(307, 103, 7, 0, '2015-01-21 09:07:10', '2015-01-21 15:36:23', 'НЕ УСТАНОВЛЕН', 0, 'ЗИНОВЬЕВ'),
(309, 103, 7, 0, '2015-01-21 15:37:05', '2015-02-07 15:49:13', '111', 0, '111'),
(311, 27, 5, 0, '2015-01-26 01:52:06', '2015-01-26 06:17:21', '1', 1, '1'),
(313, 81, 5, 0, '2015-01-28 12:14:22', '2015-01-28 18:58:08', '1', 1, '1'),
(315, 21, 5, 0, '2015-01-29 12:14:24', '2015-01-29 12:53:42', 'не вкл РТХ (возможно, закорочен датчик топлива)', 1, 'Зиновьев Е.М.'),
(317, 28, 5, 0, '2015-01-29 19:26:05', '2015-01-29 19:26:05', '1', 1, '1'),
(319, 28, 5, 0, '2015-01-29 19:36:17', '2015-01-29 19:36:17', '1', 1, '1'),
(321, 28, 5, 0, '2015-01-29 19:36:30', '2015-01-29 19:36:30', '1', 1, '1'),
(323, 28, 5, 0, '2015-01-29 20:08:11', '2015-01-29 22:41:44', '12', 1, '12'),
(325, 52, 7, 0, '2015-01-31 11:33:23', '2015-02-03 10:23:00', 'надо', 1, 'Малахов'),
(327, 52, 5, 0, '2015-01-31 11:33:54', '2015-02-03 10:22:57', 'надо', 1, 'Малахов'),
(329, 27, 5, 0, '2015-02-01 23:58:09', '2015-02-02 01:05:56', 'временно', 1, 'Малахов'),
(331, 8, 1, 1, '2015-02-02 13:24:32', NULL, 'Установлена система VIST', 0, 'Рощупкин'),
(333, 15, 1, 0, '2015-02-02 13:25:04', '2015-03-26 15:14:54', 'Установлена система VIST', 0, 'Рощупкин'),
(335, 17, 1, 1, '2015-02-02 13:25:32', NULL, 'Установлена система VIST', 0, 'Рощупкин'),
(337, 18, 1, 1, '2015-02-02 13:25:46', NULL, 'Установлена система VIST', 0, 'Рощупкин'),
(339, 26, 1, 1, '2015-02-02 13:26:07', NULL, 'Установлена система VIMS', 0, 'Рощупкин'),
(341, 28, 1, 1, '2015-02-02 13:26:27', NULL, 'Установлена система VIMS', 0, 'Рощупкин'),
(343, 32, 1, 1, '2015-02-02 13:26:49', NULL, 'Установлена система VIST', 0, 'Рощупкин'),
(345, 26, 5, 0, '2015-02-04 09:52:03', '2015-02-04 11:04:54', 'отломалась антенна', 1, 'Зиновьев '),
(347, 26, 7, 0, '2015-02-04 10:02:08', '2015-02-04 11:05:00', 'ыыы', 1, 'Зиновьев '),
(349, 69, 7, 0, '2015-02-06 19:00:54', '2015-02-06 19:04:34', '12', 1, '12'),
(351, 69, 7, 0, '2015-02-06 19:04:58', '2015-02-06 19:06:03', '12', 1, '12'),
(353, 52, 5, 0, '2015-02-07 02:46:33', '2015-02-07 07:15:04', '12', 1, '12'),
(355, 103, 5, 0, '2015-02-09 01:39:20', '2015-02-09 02:16:35', 'Тестовая', 1, 'Рощупкин'),
(357, 103, 5, 0, '2015-02-09 02:16:56', '2015-02-09 02:17:06', 'Тест', 0, 'Рощупкин'),
(359, 105, 5, 0, '2015-02-09 06:57:26', '2015-02-09 07:32:22', 'Тестовое оборудование', 0, 'Рощупкин'),
(361, 105, 7, 0, '2015-02-09 06:58:00', '2015-02-09 07:32:18', 'Тестовое оборудование', 0, 'Рощупкин'),
(363, 105, 5, 1, '2015-02-09 07:33:33', NULL, 'ТЕСТ', 0, 'Рощупкин'),
(365, 105, 7, 0, '2015-02-09 07:33:48', '2015-02-09 07:33:48', 'ТЕСТ', 1, 'Рощупкин'),
(367, 105, 7, 1, '2015-02-09 07:34:03', NULL, 'ТЕСТ', 0, 'Рощупкин'),
(369, 103, 5, 0, '2015-02-11 10:35:03', '2015-02-11 17:23:03', 'Взрыв в карьере', 1, 'Рощупкин'),
(371, 22, 5, 0, '2015-02-23 05:50:04', '2015-02-23 05:50:12', '12', 1, '12'),
(373, 22, 5, 0, '2015-02-27 02:56:01', '2015-02-27 06:32:35', '12', 1, '12'),
(375, 25, 5, 0, '2015-02-27 04:05:52', '2015-02-27 07:20:00', '12', 1, '12'),
(377, 91, 5, 0, '2015-03-03 14:05:30', '2015-03-03 23:23:59', 'Выключен PTX', 1, 'Рощупкин'),
(379, 81, 5, 0, '2015-03-05 10:15:12', '2015-03-06 07:34:58', 'Выключен PTX', 1, 'Рощупкин'),
(381, 26, 5, 0, '2015-03-06 22:01:51', '2015-03-06 22:52:04', '12', 1, '12'),
(383, 5, 5, 0, '2015-03-06 22:52:35', '2015-03-07 00:32:15', '12\r\n', 1, '12'),
(385, 103, 5, 0, '2015-03-11 08:44:51', '2015-03-13 08:25:37', 'взрыв', 0, 'Зиновьев'),
(387, 31, 5, 0, '2015-03-11 15:57:45', '2015-03-12 01:10:08', 'не пингуется', 1, 'Рощупкин'),
(389, 31, 7, 0, '2015-03-11 15:58:01', '2015-03-12 01:10:23', 'не пингуется', 1, 'Рощупкин'),
(391, 20, 5, 0, '2015-03-15 02:11:43', '2015-03-15 05:50:57', '12', 1, '12'),
(393, 103, 5, 0, '2015-03-18 10:52:10', '2015-03-18 11:28:58', 'Отключена линия', 1, 'Рощупкин'),
(395, 109, 9, 0, '2015-03-19 09:47:39', '2015-03-19 09:49:39', 'Тест', 1, 'Рощупкин'),
(397, 107, 11, 0, '2015-03-19 10:21:50', '2015-03-19 10:22:59', 'Тест', 1, 'Рощупкин'),
(399, 107, 13, 0, '2015-03-19 10:22:24', '2015-03-19 10:23:05', 'Тест', 0, 'Рощупкин'),
(401, 107, 15, 0, '2015-03-19 10:22:41', '2015-03-19 10:23:23', 'Тест', 1, 'Рощупкин'),
(403, 109, 9, 0, '2015-03-19 10:22:50', '2015-03-19 10:22:55', 'Тест', 1, 'Рощупкин'),
(405, 6, 5, 0, '2015-03-19 10:39:41', '2015-03-19 10:40:03', 'Тест', 1, 'Рощупкин'),
(407, 7, 5, 0, '2015-03-19 10:40:26', '2015-03-19 10:40:31', 'Тест', 1, 'Рощупкин'),
(409, 103, 5, 0, '2015-03-19 13:41:13', '2015-03-19 13:42:32', 'Тест', 1, 'Рощупкин'),
(411, 103, 5, 0, '2015-03-19 13:46:51', '2015-03-19 13:51:40', 'тест', 1, 'Рощупкин'),
(413, 103, 5, 0, '2015-03-19 13:51:58', '2015-03-19 13:52:08', 'Тест', 1, 'Рощупкин'),
(415, 109, 9, 0, '2015-03-19 13:52:34', '2015-03-19 13:52:43', 'Тест', 0, 'Рощупкин'),
(417, 107, 13, 0, '2015-03-19 13:52:55', '2015-03-19 13:53:30', 'Тест', 1, 'Рощупкин'),
(419, 107, 11, 0, '2015-03-19 13:53:13', '2015-03-19 13:53:37', 'Тест', 0, 'Рощупкин'),
(421, 44, 5, 0, '2015-03-19 15:55:18', '2015-03-19 21:32:04', 'Плохая связь', 1, 'Рощупкин'),
(423, 22, 5, 0, '2015-03-19 16:25:17', '2015-03-19 16:25:26', 'Тест', 1, 'Рощупкин'),
(425, 32, 3, 0, '2015-03-19 16:25:40', '2015-03-19 16:25:50', 'Тест', 1, 'Рощупкин'),
(427, 73, 3, 0, '2015-03-19 16:26:08', '2015-03-19 16:26:14', 'Тест', 1, 'Рощупкин'),
(429, 73, 3, 0, '2015-03-19 16:26:39', '2015-03-19 16:27:26', 'Тест', 1, 'Рощупкин'),
(431, 83, 5, 0, '2015-03-19 16:30:25', '2015-03-19 16:30:29', 'Тест', 1, 'Рощупкин'),
(433, 109, 9, 0, '2015-03-19 16:31:20', '2015-03-19 16:31:24', 'Тест', 1, 'Рощупкин'),
(435, 107, 11, 0, '2015-03-19 16:31:35', '2015-03-19 16:31:41', 'Тест', 1, 'Рощупкин'),
(437, 103, 5, 0, '2015-03-19 16:32:35', '2015-03-19 16:32:48', 'тест', 1, 'Рощупкин'),
(439, 11, 3, 0, '2015-03-20 11:07:52', '2015-03-23 08:36:18', 'Возможно, отключен монитор', 1, 'Рощупкин'),
(441, 7, 1, 1, '2015-03-20 11:26:02', NULL, 'Установлена система VIST', 0, 'Рощупкин'),
(443, 22, 1, 1, '2015-03-20 11:27:59', NULL, 'Установлена система VIST', 0, 'Рощупкин'),
(445, 9, 3, 0, '2015-03-20 11:38:02', '2015-03-23 08:36:23', 'Нет данных. Перезагрузка драйвера не помогла', 1, 'Рощупкин'),
(447, 52, 5, 0, '2015-03-20 12:29:31', '2015-03-20 19:20:00', 'Ввели в работу выключенный', 1, 'Рощупкин'),
(449, 18, 5, 0, '2015-03-21 08:19:07', '2015-03-21 08:19:24', '12', 1, '12'),
(451, 71, 5, 0, '2015-03-21 08:19:15', '2015-03-21 11:59:53', '12', 1, '12'),
(453, 16, 5, 0, '2015-03-21 08:29:19', '2015-03-21 09:07:10', '12\r\n', 1, '12'),
(455, 25, 3, 0, '2015-03-23 10:35:14', '2015-03-24 08:17:18', 'Нет связи с монитором PressurePro. Скорее всего отключен монитор', 1, 'Рощупкин'),
(457, 11, 3, 0, '2015-03-23 14:45:25', '2015-03-23 16:01:37', 'Скорее всего, отключен монитор PressurePro', 1, 'Рощупкин'),
(459, 17, 3, 0, '2015-03-24 10:08:45', '2015-03-25 08:41:49', 'Выключен монитор', 1, 'Рощупкин'),
(461, 9, 3, 0, '2015-03-24 10:09:04', '2015-03-25 08:41:55', 'Проблемы с монитором', 1, 'Рощупкин'),
(463, 101, 5, 0, '2015-03-25 09:01:07', '2015-03-25 09:58:24', 'Бут попал в мачту или антенну', 1, 'Рощупкин'),
(465, 25, 3, 0, '2015-03-25 09:15:06', '2015-03-26 13:28:33', 'Нет соединения GSP с PressurePro. Скорее всего PressurePro отключен', 1, 'Рощупкин'),
(467, 9, 3, 0, '2015-03-25 10:38:20', '2015-03-27 10:13:20', 'Нет данных', 1, 'Рощупкин'),
(469, 103, 5, 0, '2015-03-25 11:17:34', '2015-03-25 11:31:09', 'Нет питания', 1, 'Рощупкин'),
(471, 18, 3, 0, '2015-03-25 11:28:35', '2015-03-30 09:15:53', 'Нет данных', 1, 'Рощупкин'),
(473, 15, 1, 1, '2015-03-26 15:15:54', NULL, 'Установлен ВИСТ', 0, 'Рощупкин'),
(475, 25, 3, 0, '2015-03-27 10:54:32', '2015-03-30 09:15:58', 'Нет данных', 1, 'Рощупкин'),
(477, 30, 3, 0, '2015-03-27 10:54:46', '2015-03-27 12:46:20', 'Нет данных', 1, 'Рощупкин'),
(479, 33, 3, 0, '2015-03-27 10:54:58', '2015-03-27 16:20:33', 'Нет данных', 1, 'Рощупкин'),
(481, 19, 3, 0, '2015-03-27 13:06:23', '2015-03-30 09:16:04', 'Нет данных', 1, 'Рощупкин'),
(483, 22, 7, 0, '2015-03-30 01:20:15', '2015-03-30 05:50:13', 'yjxm', 1, 'vfkf[jd'),
(485, 28, 3, 0, '2015-03-30 11:04:38', '2015-03-30 12:20:39', 'Нет данных', 1, 'Рощупкин'),
(487, 25, 3, 0, '2015-03-31 09:21:13', '2015-04-01 09:19:32', 'Нет данных от монитора PressurePro', 1, 'Рощупкин'),
(489, 53, 7, 0, '2015-04-01 00:29:45', '2015-04-01 06:06:24', 'Не работает GPS (в ремонт не отдают)', 1, 'Прасолов В.Ю.'),
(491, 13, 3, 0, '2015-04-01 10:57:58', '2015-04-02 12:47:55', 'Нет данных', 1, 'Рощупкин'),
(493, 81, 5, 0, '2015-04-02 13:17:00', '2015-04-02 18:01:14', '12', 1, 'Прасолов В.Ю.'),
(495, 103, 5, 0, '2015-04-02 13:20:23', '2015-04-02 19:20:00', '12', 1, '12'),
(497, 25, 3, 0, '2015-04-02 14:23:04', '2015-04-13 10:37:57', 'Нет данных от монитора', 1, 'Рощупкин'),
(499, 103, 5, 0, '2015-04-04 18:21:43', '2015-04-05 07:27:10', 'отключили линию', 0, 'Уткин Д.Н.'),
(501, 103, 5, 0, '2015-04-07 20:57:17', '2015-04-08 06:39:03', '12', 1, '12'),
(503, 11, 5, 0, '2015-04-11 21:46:10', '2015-04-12 06:41:46', '12', 1, '12'),
(505, 25, 2, 1, '2015-04-14 09:24:35', NULL, 'Топливо работает через систему VIMS', 0, 'Рощупкин А.В.'),
(507, 26, 2, 1, '2015-04-14 09:24:49', NULL, 'Топливо работает через систему VIMS', 0, 'Рощупкин А.В.'),
(509, 27, 2, 0, '2015-04-14 09:25:52', '2015-04-14 09:25:58', 'Топливо работает через систему VIMS', 1, 'Рощупкин А.В.'),
(511, 27, 2, 1, '2015-04-14 09:26:07', NULL, 'Топливо работает через систему VIMS', 0, 'Рощупкин А.В.'),
(513, 28, 2, 1, '2015-04-14 09:26:26', NULL, 'Топливо работает через систему VIMS', 0, 'Рощупкин А.В.'),
(515, 71, 2, 1, '2015-04-14 09:27:02', NULL, 'Топливо работает через систему VIMS', 0, 'Рощупкин А.В.'),
(517, 75, 2, 1, '2015-04-14 09:27:18', NULL, 'Топливо работает через систему VIMS', 0, 'Рощупкин А.В.'),
(519, 101, 2, 1, '2015-04-14 09:27:36', NULL, 'Топливо работает через систему VIMS', 0, 'Рощупкин А.В.'),
(521, 25, 3, 0, '2015-04-14 13:16:26', '2015-04-15 12:51:27', 'Нет данных от монитора PressurePro', 1, 'Рощупкин'),
(523, 13, 3, 0, '2015-04-15 12:52:12', '2015-04-15 12:52:22', 'Неисправен', 1, 'Кибанов'),
(525, 103, 5, 0, '2015-04-19 21:19:34', '2015-04-20 07:20:00', 'Не нужная опция', 1, 'Бурцев'),
(527, 73, 2, 1, '2015-04-21 12:19:39', NULL, 'Отсутствие ДУТ', 0, 'Кибанов'),
(529, 13, 1, 1, '2015-04-21 12:22:25', NULL, 'Обрыв кабеля, ремонт не требуется, машина под списание.', 0, 'Кибанов'),
(531, 53, 7, 0, '2015-04-21 20:17:28', '2015-04-22 09:55:50', 'то есть то нет', 0, 'Уткин'),
(533, 5, 5, 0, '2015-04-22 19:48:07', '2015-04-23 01:00:14', 'временно', 1, 'малахов'),
(535, 53, 5, 0, '2015-04-27 02:23:34', '2015-04-27 05:37:21', 'yf yjxm', 1, 'bgcfgcb'),
(537, 23, 5, 0, '2015-05-13 23:20:55', '2015-05-13 23:58:17', '12', 1, '12'),
(539, 52, 7, 0, '2015-05-17 12:07:55', '2015-05-17 19:20:00', 'не работает', 1, 'Прасолов В.Ю.'),
(541, 52, 7, 0, '2015-05-18 23:09:34', '2015-05-19 06:07:45', 'не работает', 1, 'Прасолов В.Ю.'),
(543, 58, 17, 0, '2015-05-25 07:16:55', '2015-05-25 07:20:00', 'Не работает', 1, 'Прасолов В.Ю.'),
(545, 103, 17, 0, '2015-05-25 07:17:14', '2015-05-25 07:20:00', 'Не работает', 1, 'Прасолов В.Ю.'),
(547, 58, 17, 0, '2015-05-25 07:56:43', '2015-05-25 09:50:51', 'Не работает', 1, 'Прасолов В.Ю.'),
(549, 103, 17, 0, '2015-05-25 07:57:03', '2015-05-25 09:50:47', 'Не работает', 1, 'Прасолов В.Ю.'),
(551, 28, 5, 0, '2015-05-25 21:28:04', '2015-05-25 23:05:50', '12\r\n', 1, '12'),
(553, 22, 7, 0, '2015-05-25 22:46:34', '2015-05-26 06:27:53', '12\r\n', 1, '12'),
(555, 17, 5, 0, '2015-05-31 00:35:40', '2015-05-31 01:35:26', '01', 1, '12'),
(557, 22, 5, 0, '2015-05-31 04:26:15', '2015-05-31 05:56:36', '12', 1, '12'),
(559, 34, 5, 0, '2015-06-03 02:09:43', '2015-06-03 06:16:30', '12', 1, '12'),
(561, 103, 17, 0, '2015-06-03 09:52:59', '2015-06-03 16:21:02', 'Линия отключена на взрыв', 1, 'Рощупкин'),
(563, 69, 2, 0, '2015-06-11 07:12:33', '2015-06-11 07:20:00', 'Умер ДУТ. Поставка нового ожидается.', 1, 'Кибанов'),
(565, 69, 5, 0, '2015-06-13 10:53:46', '2015-06-13 12:22:37', '12', 1, '12'),
(567, 18, 2, 0, '2015-06-16 09:46:54', '2015-06-16 12:01:47', 'Расплавлен разъём ДУТ', 1, 'Кибанов'),
(569, 69, 2, 0, '2015-06-16 09:47:38', '2015-06-16 12:01:57', 'Неисправность ДУТ. Рекламация', 1, 'Кибанов'),
(571, 27, 7, 0, '2015-06-23 03:58:08', '2015-06-23 06:56:09', '12', 1, '12'),
(573, 11, 1, 1, '2015-06-24 14:48:36', NULL, 'Нет больше VEI', 0, 'Кибанов'),
(575, 58, 17, 0, '2015-06-26 12:27:53', '2015-06-26 12:28:00', 'Отключение', 1, 'Прасолов В.Ю.'),
(577, 5, 1, 1, '2015-06-30 10:10:48', NULL, 'Замена на ВИСТ', 0, 'Кибанов'),
(579, 5, 2, 0, '2015-06-30 10:29:53', '2015-06-30 19:20:00', 'Неисправен ДУТ', 1, 'Кибанов'),
(581, 18, 2, 0, '2015-06-30 10:30:54', '2015-06-30 19:20:00', 'Неисправен ДУТ', 1, 'Кибанов'),
(583, 69, 2, 0, '2015-06-30 10:31:13', '2015-06-30 19:20:00', 'Неисправен ДУТ', 1, 'Кибанов'),
(585, 22, 7, 0, '2015-07-01 01:57:34', '2015-07-01 04:18:49', '12', 1, '12'),
(587, 91, 5, 0, '2015-07-01 04:18:35', '2015-07-01 06:59:15', '12', 1, '12'),
(589, 103, 17, 0, '2015-07-01 07:51:18', '2015-07-01 11:11:17', 'взрыв', 0, 'Зиновьев'),
(591, 58, 17, 0, '2015-07-01 09:07:28', '2015-07-01 11:55:39', 'Взрыв', 1, '12'),
(593, 16, 1, 1, '2015-07-15 13:24:29', NULL, 'VEI заменён на ВИСТ', 0, 'Кибанов'),
(595, 97, 5, 0, '2015-07-18 13:28:13', '2015-07-18 15:54:31', '12', 1, '12'),
(597, 58, 17, 0, '2015-07-27 23:03:11', '2015-07-28 06:15:23', '11', 1, '22'),
(599, 103, 17, 0, '2015-07-27 23:03:20', '2015-07-28 06:15:19', '11', 1, '22'),
(601, 61, 17, 0, '2015-07-28 02:20:59', '2015-07-28 06:15:14', '111', 1, '22'),
(603, 19, 1, 1, '2015-07-28 14:53:34', NULL, 'СКЗ VEI  демонтирована, установлена СКЗ ВИСТ', 0, 'Кибанов '),
(605, 30, 1, 1, '2015-08-04 08:25:25', NULL, 'Установлена СКЗ ВИСТ', 0, 'Кибанов'),
(607, 17, 2, 0, '2015-08-28 09:03:27', '2015-08-28 16:20:41', 'Неисправен датчик топлива', 1, 'Рощупкин'),
(609, 89, 5, 0, '2015-08-29 02:30:04', '2015-08-29 04:20:25', '123', 0, '1'),
(611, 5, 2, 0, '2015-09-01 08:31:47', '2015-09-02 16:45:56', 'Неисправен ДУТ', 1, 'Рощупкин'),
(613, 8, 2, 0, '2015-09-01 13:34:50', '2015-09-02 16:45:50', 'Неисправность проводки ДУТ', 1, 'Рощупкин'),
(615, 22, 5, 0, '2015-09-13 07:35:35', '2015-09-13 07:35:35', '11', 1, '11'),
(617, 22, 5, 0, '2015-09-13 07:35:51', '2015-09-13 07:35:51', '11', 1, '11'),
(619, 22, 5, 0, '2015-09-13 07:36:24', '2015-09-13 07:36:25', '11', 1, '11'),
(621, 23, 1, 1, '2015-09-25 09:59:03', NULL, 'Установлен VIST', 0, 'Бурцев'),
(623, 125, 17, 1, '2015-09-26 08:27:27', NULL, 'Не требуется. ', 0, 'Зиновьев Е.М.'),
(625, 103, 17, 1, '2015-09-26 08:27:49', NULL, 'Не требуется.', 0, 'Зиновьев Е.М.'),
(627, 9, 2, 0, '2015-10-21 13:22:29', '2015-10-21 19:20:00', 'Неисправен ДУТ', 1, 'Рощупкин'),
(629, 20, 1, 0, '2015-10-23 10:53:10', '2015-10-23 10:53:47', 'Подключен Vist 22.10.15', 1, 'Бурцев'),
(631, 20, 1, 1, '2015-10-23 10:54:15', NULL, 'Подключен Vist 22.10.15', 0, 'Бурцев'),
(633, 11, 5, 0, '2015-10-29 01:02:47', '2015-10-29 07:20:00', '12', 1, '12'),
(635, 34, 5, 0, '2015-11-29 03:44:06', '2015-11-29 06:40:09', '123', 1, '456'),
(637, 33, 5, 0, '2015-12-03 03:10:26', '2015-12-03 05:12:05', '122', 1, '123'),
(639, 109, 9, 0, '2015-12-09 11:34:24', '2015-12-09 16:32:20', 'азрыв', 1, '4'),
(641, 62, 17, 0, '2015-12-09 11:35:09', '2015-12-09 16:32:24', 'взрыв', 1, '4'),
(643, 61, 17, 0, '2015-12-09 11:56:25', '2015-12-09 16:32:28', 'взрыв', 1, '4'),
(645, 56, 7, 0, '2016-01-24 01:33:09', '2016-01-24 05:59:07', 'нег бензина', 1, 'малахов'),
(647, 51, 7, 0, '2016-02-05 01:14:57', '2016-02-05 07:17:05', 'rt', 1, 'vn'),
(649, 6, 1, 1, '2016-02-24 12:51:24', NULL, 'Используется система VIST', 0, 'Рощупкин'),
(651, 34, 1, 1, '2016-03-04 12:15:21', NULL, 'Переделан на ВИСТ', 0, 'Кибанов'),
(653, 25, 5, 0, '2016-03-24 22:14:46', '2016-03-25 06:47:55', '1', 1, '1'),
(655, 34, 5, 0, '2016-03-27 23:50:50', '2016-03-28 06:04:23', 'нет машины', 1, 'малахов'),
(657, 25, 5, 0, '2016-03-29 03:46:57', '2016-03-29 06:56:21', '1', 1, '1'),
(659, 17, 5, 0, '2016-04-18 03:40:24', '2016-04-18 07:30:00', '1', 1, '1'),
(661, 17, 5, 0, '2016-04-24 12:08:22', '2016-04-25 07:23:28', 'Нет связи под EX80', 0, 'Бурцев'),
(663, 7, 5, 0, '2016-04-25 11:42:27', '2016-04-25 11:42:45', 'Тест', 0, 'Рощупкин'),
(665, 7, 5, 0, '2016-04-25 11:43:00', '2016-04-25 11:43:04', 'Тест', 1, 'Рощупкин'),
(667, 44, 7, 0, '2016-04-30 23:25:16', '2016-05-01 07:30:00', 'Экскаватор не отдают в ремонт', 1, 'Прасолов В.Ю.'),
(669, 7, 5, 0, '2016-05-02 14:39:32', '2016-05-02 15:11:56', '1', 1, '1'),
(671, 31, 5, 0, '2016-05-03 00:42:24', '2016-05-03 02:50:04', 'нада', 1, 'малахов'),
(673, 7, 5, 0, '2016-05-03 21:12:23', '2016-05-04 00:52:07', '1', 1, '1'),
(675, 7, 5, 0, '2016-05-06 23:09:07', '2016-05-07 02:38:08', 'запарил', 1, 'малахов'),
(677, 25, 5, 0, '2016-05-06 23:10:06', '2016-05-06 23:27:24', 'надоел', 1, 'малахов'),
(679, 7, 5, 0, '2016-05-07 21:13:02', '2016-05-07 22:12:49', '1', 1, '1'),
(681, 7, 5, 0, '2016-05-10 23:57:21', '2016-05-11 00:27:06', 'надо', 1, 'тпа'),
(683, 25, 5, 0, '2016-05-10 23:57:36', '2016-05-11 00:07:01', 'геар', 1, 'тпа'),
(685, 25, 5, 0, '2016-05-11 02:18:26', '2016-05-11 05:51:00', 'неппаа', 1, 'тпа'),
(687, 7, 5, 0, '2016-05-11 02:58:41', '2016-05-11 03:57:58', 'рпааввапп', 1, 'тпа'),
(689, 7, 5, 0, '2016-05-11 19:06:08', '2016-05-11 19:21:14', '1', 1, '1'),
(691, 7, 5, 0, '2016-05-11 19:41:50', '2016-05-11 20:41:34', '1', 1, '1'),
(693, 7, 5, 0, '2016-05-12 00:18:49', '2016-05-12 00:39:21', '1', 1, '1'),
(695, 7, 5, 0, '2016-05-12 03:57:04', '2016-05-12 04:06:24', '1', 1, '1'),
(697, 7, 5, 0, '2016-05-14 15:26:41', '2016-05-14 15:36:12', '1', 1, '1'),
(699, 34, 5, 0, '2016-05-18 22:01:48', '2016-05-19 07:30:00', '80', 1, 'vfkf[jd'),
(701, 101, 7, 0, '2016-06-25 04:36:02', '2016-06-25 07:30:00', 'нет GPS', 1, 'Бурцев'),
(703, 91, 7, 0, '2016-07-22 00:43:06', '2016-07-22 00:51:41', 'gps', 1, 'малахов'),
(705, 21, 1, 0, '2016-07-29 09:01:11', '2016-07-29 09:01:52', 'Переведён на ВИСТ\r\n', 1, 'Кибанов'),
(707, 21, 1, 1, '2016-07-29 09:02:18', NULL, 'Переведён на вист', 0, 'Кибанов'),
(709, 87, 7, 0, '2016-07-29 23:05:41', '2016-07-29 23:34:49', 'yflj', 1, 'bfkdpjjh'),
(711, 87, 7, 0, '2016-07-30 08:37:16', '2016-07-30 08:55:47', 'Пропадает', 1, 'Прасолов В.Ю.'),
(713, 87, 7, 0, '2016-07-31 23:54:40', '2016-08-01 00:19:07', 'не работает', 1, 'Прасолов '),
(715, 87, 7, 0, '2016-08-01 00:42:47', '2016-08-01 00:59:18', 'не работает', 1, 'Прасолов '),
(717, 87, 7, 0, '2016-08-01 02:25:37', '2016-08-01 02:39:32', 'не работает', 1, 'Прасолов '),
(719, 87, 5, 0, '2016-08-02 22:22:57', '2016-08-02 22:25:23', 'ytlj  v gfnm', 1, 'vfkf[jd'),
(721, 91, 7, 0, '2016-08-08 23:11:17', '2016-08-08 23:42:17', 'Не работает', 1, 'Прасолов'),
(723, 91, 7, 0, '2016-08-09 00:41:52', '2016-08-09 01:02:39', 'Не раотает', 1, 'Прасолов'),
(725, 58, 17, 0, '2016-08-19 02:04:17', '2016-08-19 02:15:20', 'jhvb', 1, 'ijh'),
(727, 23, 5, 0, '2016-08-24 22:24:56', '2016-08-25 01:33:19', 'Как то так', 1, 'Прасолов'),
(729, 71, 5, 0, '2016-10-17 23:17:24', '2016-10-18 02:39:14', 'yjxm', 1, 'bghyttg'),
(731, 79, 5, 0, '2016-10-18 23:07:58', '2016-10-19 00:42:53', '1', 1, '1'),
(733, 21, 5, 0, '2016-10-30 01:01:59', '2016-10-30 01:12:46', 'jbff', 1, 'hjjmm'),
(735, 71, 5, 0, '2016-11-06 22:27:54', '2016-11-07 05:36:21', 'yflj', 1, 'hj'),
(737, 17, 5, 0, '2016-11-15 01:10:23', '2016-11-15 04:34:50', 'gjg', 1, 'tjgv'),
(739, 20, 5, 0, '2016-11-15 01:28:59', '2016-11-15 01:54:33', 'tyuj', 1, 'tjgv'),
(741, 52, 7, 0, '2016-11-15 23:07:41', '2016-11-16 07:30:00', 'Диспетчер не дал экскаватор', 1, 'tjgv'),
(743, 17, 5, 0, '2016-11-15 23:45:31', '2016-11-16 02:00:33', 'загрузки у EX80', 1, 'tjgv'),
(745, 17, 5, 0, '2016-11-16 02:25:57', '2016-11-16 02:40:37', 'vcb', 1, 'tjgv'),
(747, 52, 7, 0, '2016-11-16 10:08:35', '2016-11-16 19:30:00', 'не работает', 1, 'прасолов'),
(749, 6, 5, 0, '2016-11-23 00:30:59', '2016-11-23 00:31:16', 'mhttr', 1, 'rtyj'),
(751, 17, 5, 0, '2016-11-23 00:31:11', '2016-11-23 03:14:50', 'uhykklkl', 1, 'rtyj'),
(753, 56, 7, 0, '2016-11-30 23:16:40', '2016-12-01 06:12:42', 'yt lf.n', 1, 'vfkf[jd'),
(755, 56, 7, 0, '2016-12-01 08:17:20', '2016-12-01 18:06:58', 'не работает', 1, 'Прасолов'),
(757, 20, 5, 0, '2016-12-02 00:37:24', '2016-12-02 02:02:12', 'ex80', 1, 'Прасолов'),
(759, 17, 5, 0, '2016-12-10 01:59:56', '2016-12-10 02:10:37', 'q', 1, 'q'),
(761, 18, 2, 0, '2016-12-19 12:22:03', '2016-12-19 14:52:05', 'Нет данных', 1, 'Рощупкин'),
(763, 47, 7, 0, '2016-12-22 03:48:04', '2016-12-22 07:30:00', '1', 1, '1'),
(765, 47, 7, 0, '2016-12-22 19:51:40', '2016-12-23 07:30:00', 'не работает', 1, '1'),
(767, 47, 7, 0, '2016-12-23 08:50:14', '2016-12-23 11:10:02', 'не дают', 1, 'малахов'),
(769, 47, 7, 0, '2016-12-23 11:17:55', '2016-12-23 19:30:00', 'Не отдают экскаватор', 1, 'Рощупкин'),
(771, 47, 7, 0, '2016-12-24 07:48:15', '2016-12-24 19:30:00', '1', 1, '1'),
(773, 81, 7, 0, '2017-01-19 19:03:57', '2017-01-19 19:30:00', 'не работает', 1, 'Прасолов'),
(775, 81, 7, 0, '2017-01-19 19:34:38', '2017-01-20 07:30:00', 'не работает', 1, 'Прасолов'),
(777, 81, 7, 0, '2017-01-20 10:26:19', '2017-01-20 19:30:00', 'стоит в прямом забое', 1, 'Малахов'),
(779, 81, 7, 0, '2017-01-21 07:20:38', '2017-01-21 07:30:00', '1', 1, 'Малахов'),
(781, 81, 7, 0, '2017-01-21 07:39:14', '2017-01-21 19:30:00', '1', 1, 'Малахов'),
(783, 81, 7, 0, '2017-01-21 19:31:18', '2017-01-22 07:30:00', 'прямой забой', 1, 'малахов'),
(785, 97, 7, 0, '2017-01-22 00:52:05', '2017-01-22 06:21:20', 'не дают', 1, 'малахов'),
(787, 47, 7, 0, '2017-01-22 03:44:18', '2017-01-22 06:21:54', 'алапл', 1, 'малахов'),
(789, 81, 7, 0, '2017-01-22 07:35:22', '2017-01-22 19:30:00', 'не работает', 1, '1'),
(791, 81, 7, 0, '2017-01-22 20:47:39', '2017-01-23 07:30:00', '1', 1, '1'),
(793, 81, 7, 0, '2017-01-23 20:05:14', '2017-01-24 07:30:00', 'нет', 1, '1'),
(795, 81, 7, 0, '2017-01-24 08:10:20', '2017-01-24 08:18:30', 'прямой забой', 1, 'малахов'),
(797, 81, 7, 0, '2017-01-24 08:19:25', '2017-01-24 19:30:00', 'прямой забой', 1, 'малахов'),
(799, 81, 7, 0, '2017-01-24 19:32:53', '2017-01-24 22:14:44', 'не в работе', 1, 'уткин'),
(801, 81, 7, 0, '2017-01-24 22:24:24', '2017-01-25 06:03:06', 'не в работе', 1, 'уткин'),
(803, 6, 5, 0, '2017-01-27 03:55:29', '2017-01-27 04:27:12', '1', 1, '1'),
(805, 81, 7, 0, '2017-01-28 10:09:24', '2017-01-28 12:12:31', 'jhh', 1, 'gg'),
(807, 81, 7, 0, '2017-01-31 22:31:50', '2017-01-31 23:03:58', 'не работает', 1, '1'),
(809, 131, 7, 0, '2017-02-23 00:45:21', '2017-02-23 06:03:54', 'ytflj', 1, 'bjdcghj'),
(811, 119, 7, 0, '2017-03-09 02:55:07', '2017-03-09 07:30:00', 'завис', 1, '1'),
(813, 52, 7, 0, '2017-03-10 13:34:44', '2017-03-10 19:30:00', 'Не отдали экскаватор', 1, 'Рощупкин'),
(815, 119, 7, 0, '2017-03-10 21:15:55', '2017-03-10 21:47:47', 'не работает', 1, 'малахов'),
(817, 55, 5, 0, '2017-03-10 23:18:30', '2017-03-11 00:07:56', 'мролд', 1, 'cghjjk'),
(819, 52, 7, 0, '2017-03-11 12:46:36', '2017-03-11 16:35:05', 'не работает', 1, 'cghjjk'),
(821, 9, 2, 0, '2017-03-13 08:47:04', '2017-03-13 19:30:00', 'Неисправен датчик топлива', 1, 'Рощупкин'),
(823, 129, 7, 0, '2017-03-21 23:05:11', '2017-03-22 04:38:22', 'прямой забой', 1, 'Уткин'),
(825, 5, 5, 0, '2017-03-23 23:19:38', '2017-03-24 01:21:03', '1', 1, '1'),
(827, 34, 5, 0, '2017-03-23 23:19:54', '2017-03-24 02:12:44', '1', 1, '1'),
(829, 5, 5, 0, '2017-03-24 02:12:31', '2017-03-24 02:21:30', '1', 1, '1'),
(831, 34, 5, 0, '2017-03-24 02:12:54', '2017-03-24 03:11:44', '1', 1, '1'),
(833, 30, 5, 0, '2017-03-24 02:22:18', '2017-03-24 06:12:44', '1', 1, '1'),
(835, 133, 2, 0, '2017-03-25 15:34:28', '2017-03-25 19:30:00', 'ДУТ пока не установлен', 1, 'Кибанов '),
(837, 133, 2, 0, '2017-03-27 09:44:57', '2017-03-27 19:30:00', 'Нет ДУТ', 1, 'Рощупкин'),
(839, 34, 5, 0, '2017-03-28 01:44:50', '2017-03-28 04:44:29', '1', 1, '1'),
(841, 133, 2, 0, '2017-03-28 11:58:13', '2017-05-24 15:29:55', 'Нет датчика топлива', 0, 'Рощупкин'),
(843, 46, 7, 0, '2017-03-30 23:39:12', '2017-03-31 07:30:00', 'km', 1, 'jmm'),
(845, 46, 7, 0, '2017-03-31 08:10:43', '2017-03-31 09:10:35', 'завис', 1, '1'),
(847, 21, 5, 0, '2017-04-05 03:07:35', '2017-04-05 07:30:00', '1', 1, '1'),
(849, 51, 7, 0, '2017-04-11 21:30:49', '2017-04-12 05:52:49', 'j,ghk', 1, 'vbjhk'),
(851, 51, 7, 0, '2017-04-12 09:55:07', '2017-04-12 15:15:05', '1', 1, '1'),
(853, 61, 17, 0, '2017-04-22 22:14:22', '2017-04-23 08:14:37', 'нет питания на подстанции №9', 0, 'Уткин'),
(855, 40, 7, 0, '2017-05-03 01:24:13', '2017-05-03 07:30:00', 'завис PTX', 1, 'Б'),
(857, 139, 7, 0, '2017-05-04 23:29:57', '2017-05-05 17:09:33', 'не прошит', 0, 'Зиновьев'),
(859, 44, 7, 0, '2017-05-13 13:14:52', '2017-05-13 19:30:00', 'нет транспорта', 1, 'Б'),
(861, 44, 7, 0, '2017-05-13 19:30:14', '2017-05-13 20:49:59', 'нет машины', 1, 'малахов'),
(863, 135, 2, 0, '2017-05-19 12:43:12', '2017-05-24 15:29:49', 'ДУТ пока не установлен, ожидаем автомобиль на ТО', 0, 'Кибанов'),
(865, 23, 5, 0, '2017-05-23 03:09:05', '2017-05-23 03:10:36', '80', 1, '1'),
(867, 23, 5, 0, '2017-05-23 03:28:18', '2017-05-23 05:30:53', '80', 1, '1'),
(869, 143, 7, 0, '2017-05-31 00:10:53', '2017-05-31 00:53:08', '1', 1, '1'),
(871, 143, 7, 0, '2017-05-31 02:32:43', '2017-05-31 06:35:14', '1', 1, '1'),
(873, 49, 7, 0, '2017-06-08 01:44:45', '2017-06-08 07:30:00', 'все работает', 1, '1'),
(875, 49, 7, 0, '2017-06-08 07:58:40', '2017-06-08 08:29:24', 'Заебал пищать', 1, 'Зиновьев'),
(877, 49, 7, 0, '2017-06-08 08:36:58', '2017-06-08 19:30:00', 'не работает, экскаватор не отдают', 1, 'Зиновьев'),
(879, 46, 7, 0, '2017-06-10 08:38:32', '2017-06-10 11:57:09', '1', 1, '1'),
(881, 71, 7, 0, '2017-06-11 20:24:20', '2017-06-12 07:54:29', 'нет транспорта', 1, 'Б'),
(883, 17, 5, 0, '2017-06-12 00:49:42', '2017-06-12 01:44:03', '1', 1, 'Б'),
(885, 77, 5, 0, '2017-06-12 02:51:47', '2017-06-12 03:04:46', '1', 1, 'Б'),
(887, 71, 5, 0, '2017-06-15 23:37:55', '2017-06-16 00:58:18', '1', 1, '1'),
(889, 129, 7, 0, '2017-06-16 00:08:19', '2017-06-16 07:30:00', '1', 1, '1'),
(891, 27, 5, 0, '2017-06-16 00:48:51', '2017-06-16 00:58:18', '1', 1, '1'),
(893, 131, 7, 0, '2017-06-25 21:40:51', '2017-06-28 06:55:46', 'прямой забой', 0, 'Уткин'),
(895, 23, 5, 0, '2017-06-27 23:58:39', '2017-06-28 01:35:42', '1', 1, '1'),
(897, 38, 7, 0, '2017-07-09 02:52:49', '2017-07-09 04:25:41', 'pf,jq', 1, 'vfkf[jd'),
(899, 46, 7, 0, '2017-07-11 09:15:21', '2017-07-11 19:30:00', 'завис РТХ, экскаватор на прямом забое', 1, 'Зиновьев Е.М.'),
(901, 46, 7, 0, '2017-07-13 07:53:14', '2017-07-13 08:18:41', 'Pfdbc РТХ', 1, 'Зиновьев'),
(903, 16, 5, 0, '2017-07-14 02:42:13', '2017-07-14 04:58:01', '80', 1, '1'),
(905, 145, 7, 0, '2017-07-19 10:10:35', '2017-07-19 13:56:19', 'Не смонтировано', 1, 'Зиновьев Е.М.'),
(907, 17, 5, 0, '2017-07-29 01:34:05', '2017-07-29 02:12:52', ' ', 1, ' '),
(908, 16, 5, 0, '2017-09-19 00:57:46', '2017-09-19 02:36:26', 'kjhb', 1, 'kljhkb'),
(909, 6, 7, 0, '2017-09-24 00:30:43', '2017-09-24 01:28:31', 'выход после то производили сварочные работы не включался PTX заменил', 1, 'Бурцев'),
(910, 54, 7, 0, '2017-10-11 21:36:37', '2018-07-23 08:50:37', 'комплект снят', 0, 'Уткин'),
(911, 7, 5, 0, '2017-10-14 02:09:57', '2017-10-14 03:02:17', '1', 1, '1'),
(912, 38, 7, 0, '2017-10-17 08:13:02', '2017-10-17 08:19:36', 'завис РТХ', 1, 'Зиновьев'),
(913, 38, 7, 0, '2017-10-17 08:24:00', '2017-10-17 16:35:17', 'Завис РТХ', 0, 'Зиновьев'),
(914, 46, 7, 0, '2017-10-27 20:51:46', '2017-10-31 17:29:11', 'не включен ртх', 0, 'Уткин'),
(915, 48, 7, 0, '2017-11-03 13:15:49', '2017-11-06 11:15:53', 'прямой забой', 0, 'у'),
(916, 129, 7, 0, '2017-11-11 15:40:24', '2017-11-14 09:25:55', 'пр з', 0, 'у'),
(917, 129, 7, 0, '2017-11-17 01:25:24', '2017-11-27 06:43:17', '3', 0, '3'),
(918, 55, 7, 0, '2017-11-17 10:29:21', '2017-11-17 11:05:45', 'завис', 1, '1'),
(919, 23, 5, 0, '2017-11-19 01:03:29', '2017-11-19 07:30:00', 'ex80', 1, '1'),
(920, 127, 7, 0, '2017-11-20 22:53:07', '2017-11-27 06:42:42', '1', 0, '1'),
(921, 47, 7, 0, '2017-11-20 22:53:17', '2017-11-27 06:43:01', '1', 0, '1'),
(922, 49, 7, 0, '2017-11-20 22:53:25', '2017-11-27 06:43:09', '1', 0, '1'),
(923, 119, 7, 0, '2017-11-20 22:53:33', '2017-11-27 06:43:26', '1', 0, '1'),
(924, 83, 7, 0, '2017-11-20 22:53:41', '2017-11-27 06:43:54', '1', 0, '1'),
(925, 115, 7, 0, '2017-11-20 22:53:48', '2017-11-27 06:43:48', '1', 0, '1'),
(926, 141, 7, 0, '2017-11-20 22:53:56', '2017-11-27 06:43:41', '1', 0, '1'),
(927, 117, 7, 0, '2017-11-20 22:54:05', '2017-11-27 06:43:35', '1', 0, '1'),
(928, 75, 5, 0, '2017-11-30 21:55:14', '2017-12-01 06:03:29', '1', 1, '1'),
(929, 40, 7, 0, '2017-12-02 19:59:19', '2017-12-03 22:53:03', 'gp', 0, 'g'),
(930, 56, 7, 0, '2017-12-12 21:45:51', '2017-12-13 02:12:33', 'нет транспорта', 1, '1'),
(931, 44, 5, 0, '2017-12-12 23:57:42', '2017-12-13 06:03:05', 'нет транспорта, по телефону давал указания машинисту проверить проводку она подключена', 1, '1'),
(932, 146, 2, 0, '2017-12-15 15:19:43', '2017-12-15 19:30:00', 'ДУТ не установлен. ', 1, 'Кибанов'),
(933, 146, 2, 0, '2017-12-19 13:55:41', '2017-12-28 14:26:37', 'Пока не подключен датчик топлива', 0, 'Рощупкин'),
(934, 139, 5, 0, '2017-12-29 03:54:20', '2017-12-29 07:30:00', '1', 1, '1'),
(935, 129, 7, 0, '2017-12-31 07:30:48', '2017-12-31 19:30:00', '1', 1, '1'),
(936, 32, 7, 0, '2018-01-11 22:12:44', '2018-01-12 08:20:34', 'не работает. нет транспорта доехать', 1, 'У'),
(937, 15, 5, 0, '2018-01-12 23:17:42', '2018-01-13 06:03:42', 'ghj', 1, 'fgj'),
(938, 139, 5, 0, '2018-01-14 02:04:59', '2018-01-14 07:30:00', '1', 1, '1'),
(939, 89, 5, 0, '2018-01-15 02:00:39', '2018-01-15 06:27:40', '1', 1, 'Прасолов'),
(940, 139, 5, 0, '2018-01-17 21:16:29', '2018-01-18 07:30:00', '1', 1, '1'),
(941, 48, 7, 0, '2018-01-20 22:04:17', '2018-01-20 22:15:58', 'fhj', 1, 'fgh'),
(942, 145, 7, 0, '2018-01-21 13:19:44', '2018-01-21 19:30:00', '1', 1, 'Прасолов'),
(943, 145, 7, 0, '2018-01-21 19:33:36', '2018-01-22 07:30:00', '1\r\n', 1, 'Прасолов'),
(944, 145, 7, 0, '2018-01-22 10:36:12', '2018-01-22 19:30:00', 'Завис PTX', 1, 'Рощупкин'),
(945, 145, 7, 0, '2018-01-22 23:24:45', '2018-01-23 07:30:00', '1', 1, 'Прасолов'),
(946, 145, 7, 0, '2018-01-23 20:57:28', '2018-01-24 07:30:00', 'в ремонте', 1, 'У'),
(947, 145, 7, 0, '2018-01-24 07:44:02', '2018-01-24 14:46:08', '1', 1, '1'),
(948, 139, 5, 0, '2018-01-26 03:23:45', '2018-01-26 07:30:00', '1', 1, '1'),
(949, 129, 7, 0, '2018-01-26 04:37:19', '2018-01-26 07:30:00', '1\r\n', 1, '1'),
(950, 129, 7, 0, '2018-01-26 07:53:32', '2018-01-26 09:37:13', 'висит', 1, '3'),
(951, 129, 7, 0, '2018-01-26 09:46:22', '2018-01-26 11:16:38', '3', 1, '3'),
(952, 129, 7, 0, '2018-01-26 11:26:40', '2018-01-26 19:30:00', '3', 1, '3'),
(953, 71, 7, 0, '2018-01-27 03:34:40', '2018-01-27 06:38:49', '1', 1, '3'),
(954, 50, 5, 0, '2018-01-29 14:52:37', '2018-01-29 17:00:42', 'ctgdb', 1, 'xcgb'),
(955, 71, 5, 0, '2018-02-15 00:12:50', '2018-02-15 07:30:00', 'нет топлива, утром будет на ТО', 1, 'Бурцев'),
(956, 50, 7, 0, '2018-02-18 03:37:24', '2018-02-18 06:27:01', 'ngi', 1, 'gjb'),
(957, 69, 7, 0, '2018-03-05 23:45:47', '2018-03-06 06:04:45', 'ytn ,typf', 1, 'vfkf[jd'),
(958, 75, 7, 0, '2018-03-06 01:45:48', '2018-03-06 02:49:11', 'cgjh', 1, 'vfkf[jd'),
(959, 75, 7, 0, '2018-03-06 03:34:25', '2018-03-06 06:04:17', 'fthjhcj', 1, 'vfkf[jd'),
(960, 28, 7, 0, '2018-03-22 21:03:43', '2018-03-23 07:49:19', 'нет GPS', 1, 'Б'),
(961, 51, 7, 0, '2018-04-03 00:59:41', '2018-04-03 01:10:38', 'fn', 1, 'xvbn'),
(962, 131, 7, 0, '2018-04-30 08:34:26', '2018-04-30 11:15:09', 'завис', 1, 'Б'),
(963, 139, 7, 0, '2018-04-30 22:34:17', '2018-05-01 06:33:40', 'm,vhj', 1, 'vj,vj'),
(964, 131, 7, 0, '2018-05-03 20:24:43', '2018-05-04 07:30:00', 'прз', 1, 'у'),
(965, 129, 7, 0, '2018-05-09 22:11:44', '2018-05-10 07:30:00', 'завис ', 1, 'Б'),
(966, 89, 7, 0, '2018-05-11 20:10:28', '2018-05-12 07:30:00', 'на руде не отдают', 1, 'уткин'),
(967, 89, 7, 0, '2018-05-12 07:34:55', '2018-05-12 19:30:00', 'В работе. нет допуска!', 1, 'Б'),
(968, 6, 7, 0, '2018-05-17 00:11:33', '2018-05-17 00:11:40', 'jdfuj', 1, 'ujdtu'),
(969, 21, 7, 0, '2018-05-17 00:11:47', '2018-05-17 05:31:39', 'fdjc', 1, 'ujdtu'),
(970, 55, 7, 0, '2018-05-18 22:37:01', '2018-05-19 00:14:23', '1', 1, 'Прасолов'),
(971, 46, 7, 0, '2018-05-20 21:43:38', '2018-05-21 06:11:47', 'cghjmn', 1, 'chj'),
(972, 51, 7, 0, '2018-05-21 08:34:22', '2018-05-21 08:39:21', 'th', 1, 'gh'),
(973, 87, 7, 0, '2018-05-25 01:02:15', '2018-05-25 06:31:07', 'chnjd', 1, 'dfghsdf'),
(974, 139, 7, 0, '2018-05-28 23:40:26', '2018-05-28 23:55:46', 'bmch', 1, 'chc'),
(975, 139, 7, 0, '2018-05-29 00:00:13', '2018-05-29 00:05:56', 'nnmmj', 1, 'chc'),
(976, 131, 7, 0, '2018-06-10 01:05:54', '2018-06-10 05:48:58', 'fghdh', 1, 'fghxfh'),
(977, 113, 7, 0, '2018-06-12 20:39:19', '2018-06-12 23:06:59', 'ппр', 1, 'уткин'),
(978, 46, 7, 0, '2018-06-16 21:54:08', '2018-06-17 07:30:00', 'прз', 1, 'у'),
(979, 91, 5, 0, '2018-06-19 00:19:14', '2018-06-19 00:28:31', 'НЕ работает, диспетчер не дал остановить', 1, 'Бурцев'),
(980, 91, 5, 0, '2018-06-19 02:04:16', '2018-06-19 02:10:24', 'не работает\r\n', 1, 'Бурцев'),
(981, 91, 7, 0, '2018-06-19 02:04:54', '2018-06-19 07:30:00', 'не работает\r\n', 1, 'Бурцев'),
(982, 38, 7, 0, '2018-06-27 15:05:37', '2018-06-27 15:36:26', '1', 1, '1'),
(983, 51, 7, 0, '2018-07-12 00:03:45', '2018-07-12 00:12:22', 'cghjm', 1, 'cghj'),
(984, 50, 7, 0, '2018-07-12 03:14:50', '2018-07-12 03:33:32', 'ghj', 1, 'cghj'),
(985, 50, 7, 0, '2018-07-12 04:05:12', '2018-07-12 04:23:49', 'dghfgn', 1, 'cghj'),
(986, 46, 7, 0, '2018-07-22 21:49:44', '2018-07-23 08:17:49', 'повис ртх', 0, 'у'),
(987, 54, 7, 0, '2018-07-23 09:34:01', '2018-07-23 19:30:00', '111', 1, 'Зиновьев'),
(988, 54, 7, 0, '2018-07-23 21:38:09', '2018-07-24 05:32:34', 'gjkg', 1, 'jhfg'),
(989, 54, 7, 0, '2018-07-24 08:43:45', '2018-07-24 19:30:00', 'v', 1, 'v'),
(990, 51, 7, 0, '2018-07-24 08:43:54', '2018-07-24 14:33:50', 'g', 1, 'v'),
(991, 54, 7, 0, '2018-07-24 22:34:37', '2018-07-25 07:30:00', '1', 1, '1'),
(992, 54, 7, 0, '2018-07-25 08:28:13', '2018-07-25 08:35:35', '1', 1, '1'),
(993, 54, 7, 0, '2018-07-25 09:18:30', '2018-07-25 19:30:00', '1', 1, '1'),
(994, 137, 7, 0, '2018-07-26 02:25:48', '2018-07-26 02:34:48', '1', 1, '1'),
(995, 54, 7, 0, '2018-07-26 02:55:42', '2018-07-26 07:30:00', '1', 1, '1'),
(996, 54, 7, 0, '2018-07-26 08:14:40', '2018-07-26 13:47:23', '1', 1, '1'),
(997, 54, 7, 0, '2018-07-26 21:14:31', '2018-07-30 12:27:50', 'прз', 0, 'у'),
(998, 113, 7, 0, '2018-08-06 21:14:14', '2018-08-07 07:30:00', 'завис', 1, '1'),
(999, 113, 7, 0, '2018-08-07 08:30:22', '2018-08-08 20:08:36', 'завис РТХ', 0, 'Зиновьев'),
(1000, 127, 7, 0, '2018-08-07 19:08:09', '2020-09-24 12:08:16', 'комплект снят', 0, 'у'),
(1001, 69, 5, 0, '2018-08-09 00:05:11', '2018-08-09 00:44:41', 'fthj', 1, 'fgjh'),
(1002, 69, 5, 0, '2018-08-13 00:00:20', '2018-08-13 00:49:51', 'gg', 1, 'gjgc'),
(1003, 135, 5, 0, '2018-08-13 00:00:33', '2018-08-13 00:09:40', 'hj', 1, 'gjgc'),
(1004, 79, 5, 0, '2018-08-13 01:30:42', '2018-08-13 02:10:17', 'k', 1, 'gjgc'),
(1005, 113, 7, 0, '2018-08-30 12:04:33', '2018-08-30 19:30:00', 'p', 1, 'p'),
(1006, 113, 7, 0, '2018-08-30 19:31:00', '2018-08-30 20:01:32', '1', 1, 'p'),
(1007, 113, 7, 0, '2018-08-30 20:11:33', '2018-08-31 07:30:00', '1', 1, 'p'),
(1008, 113, 7, 0, '2018-08-31 08:27:22', '2018-09-03 05:54:06', '1', 0, '1'),
(1009, 129, 7, 0, '2018-09-03 05:53:29', '2018-09-03 07:30:00', '1', 1, '1'),
(1010, 139, 5, 0, '2018-09-09 23:00:53', '2018-09-10 06:46:00', 'cgjhn', 1, 'nxc'),
(1011, 51, 7, 0, '2018-09-14 02:57:46', '2018-09-14 03:03:46', 'dhxcvb', 1, ' xc'),
(1012, 38, 7, 0, '2018-09-15 11:58:40', '2018-09-15 19:14:18', 'Завис PTX', 1, 'Рощупкин'),
(1013, 149, 7, 0, '2018-09-17 21:25:10', '2018-09-18 00:42:09', 'jhgjh', 1, 'nbv'),
(1014, 119, 7, 0, '2018-09-18 01:27:46', '2018-09-18 06:07:32', 'hb', 1, 'bbg'),
(1015, 47, 7, 0, '2018-09-29 17:19:33', '2018-09-29 18:05:16', 'Перезагрузка GPS и PTX не помогла. Нужно ехать', 1, 'Рощупкин'),
(1016, 51, 7, 0, '2018-10-05 01:03:05', '2018-10-05 01:17:39', 'Нужно ехать', 1, 'Рощупкин'),
(1017, 141, 5, 0, '2018-10-05 04:37:28', '2018-10-05 07:30:00', 'Выключили PTX в статусе готов', 1, 'Рощупкин'),
(1018, 51, 5, 0, '2018-10-05 05:47:48', '2018-10-05 05:48:00', 'Пропадают данные', 1, 'Рощупкин'),
(1019, 51, 7, 0, '2018-10-05 05:48:53', '2018-10-05 05:50:08', 'Пропадают данные', 1, 'Рощупкин'),
(1020, 51, 7, 0, '2018-10-05 05:51:18', '2018-10-05 05:56:12', '1', 1, '1'),
(1021, 115, 7, 0, '2018-10-05 19:58:15', '2018-10-06 07:30:00', '1', 1, 'Рощупкин'),
(1022, 115, 7, 0, '2018-10-06 19:36:08', '2018-10-09 06:09:02', 'gh', 0, 'u'),
(1023, 22, 7, 0, '2018-10-07 23:46:46', '2018-10-08 06:21:26', 'нет машины', 1, 'малахов'),
(1024, 113, 7, 0, '2018-10-10 12:04:02', '2018-10-11 06:08:47', 'РТХ не пингуется', 0, 'ЕМЗ'),
(1025, 44, 7, 0, '2018-10-11 21:49:01', '2018-10-11 22:08:36', 'jg', 1, 'kg'),
(1026, 52, 7, 0, '2018-10-11 22:10:16', '2018-10-12 05:31:47', 'jh', 1, 'kj'),
(1027, 52, 5, 0, '2018-10-12 07:32:29', '2018-10-12 07:32:37', '1', 1, '1'),
(1028, 52, 7, 0, '2018-10-12 07:32:47', '2018-10-12 19:30:00', '1', 1, '1'),
(1029, 47, 7, 0, '2018-10-14 22:32:41', '2018-10-15 05:51:29', 'g', 0, 'g'),
(1030, 97, 5, 0, '2018-10-18 04:53:27', '2018-10-18 07:30:00', '1', 1, '1'),
(1031, 51, 7, 0, '2018-11-10 10:03:56', '2018-11-11 14:05:41', 'gh', 0, 'j'),
(1032, 129, 7, 0, '2018-11-18 08:34:08', '2018-11-19 08:25:16', 'gh', 0, 'h'),
(1033, 44, 7, 0, '2018-11-18 12:15:22', '2018-11-19 08:24:24', 'gh', 0, 'h'),
(1034, 113, 7, 0, '2018-11-18 18:04:24', '2018-11-19 08:24:29', 'gh', 0, 'h'),
(1035, 129, 7, 0, '2018-11-19 20:35:57', '2018-11-21 15:13:09', 'hyh', 0, 'hhy'),
(1036, 44, 7, 0, '2018-11-20 01:27:42', '2018-11-20 05:57:25', 'b', 0, 'hhy'),
(1037, 141, 5, 0, '2018-11-21 00:36:05', '2018-11-21 02:43:02', 'g', 1, 'b');
INSERT INTO `interface_monitoring_off` (`id`, `equipment`, `ref_interface`, `Active`, `datetimestart`, `datetimeend`, `reason`, `reason_category`, `FIO`) VALUES
(1038, 44, 7, 0, '2018-11-23 20:10:45', '2018-11-25 18:32:18', ',k', 0, '3'),
(1039, 55, 7, 0, '2018-11-24 23:43:23', '2018-11-25 01:54:43', 'rgh', 1, 'xgn'),
(1040, 44, 7, 0, '2018-12-02 21:43:31', '2018-12-02 22:36:18', 'gfv', 1, 'khbjb'),
(1041, 113, 7, 0, '2018-12-03 15:29:53', '2018-12-03 19:30:00', '1', 1, '1'),
(1042, 51, 7, 0, '2018-12-05 20:03:23', '2018-12-05 20:24:47', 'hn', 0, 'h'),
(1043, 51, 7, 0, '2018-12-05 20:34:43', '2018-12-06 06:01:35', '3', 0, 'h'),
(1044, 44, 7, 0, '2018-12-05 20:34:53', '2018-12-05 22:55:07', '3', 1, 'h'),
(1045, 46, 7, 0, '2018-12-06 00:34:16', '2018-12-06 06:01:45', 'l', 0, 'h'),
(1046, 51, 7, 0, '2018-12-06 08:03:32', '2018-12-06 08:37:31', '1', 1, '1'),
(1047, 34, 5, 0, '2018-12-07 00:52:39', '2018-12-07 02:02:21', 'vbn', 1, 'fg'),
(1048, 44, 7, 0, '2018-12-09 19:53:48', '2018-12-12 06:14:42', 'f', 0, 'g'),
(1049, 51, 7, 0, '2018-12-11 01:35:30', '2018-12-11 02:14:59', 'vbn', 1, 'vgnj'),
(1050, 149, 7, 0, '2018-12-11 03:09:10', '2018-12-11 03:15:36', 'nln', 1, 'vgnj'),
(1051, 44, 7, 0, '2018-12-14 11:05:11', '2018-12-14 12:35:03', '1', 1, '1'),
(1052, 22, 7, 0, '2018-12-15 16:03:24', '2018-12-15 21:48:47', '1', 1, '1'),
(1053, 139, 5, 0, '2018-12-18 20:38:45', '2018-12-18 20:39:36', 'kfgh', 1, 'gk'),
(1054, 87, 7, 0, '2018-12-24 20:56:09', '2018-12-25 07:30:00', '1', 1, '1'),
(1055, 150, 5, 0, '2018-12-24 23:22:34', '2018-12-25 07:30:00', '1', 1, '1'),
(1056, 87, 5, 0, '2018-12-25 08:47:28', '2018-12-25 19:30:00', 'Завис PTX', 1, 'Рощупкин'),
(1057, 87, 7, 0, '2018-12-25 08:47:59', '2018-12-25 19:30:00', 'Завис PTX', 1, 'Рощупкин'),
(1058, 87, 7, 0, '2018-12-25 19:38:56', '2018-12-27 06:39:19', 'c', 0, 'c'),
(1059, 44, 7, 0, '2018-12-29 13:57:11', '2018-12-29 17:07:24', '1', 1, '1'),
(1060, 56, 7, 0, '2018-12-30 22:33:05', '2018-12-30 22:58:33', 'Нет данных GPS. Экскаватор в ремонте', 1, 'Рощупкин'),
(1061, 38, 7, 0, '2018-12-31 03:56:18', '2018-12-31 05:44:36', 'Завис PTX', 1, 'Рощупкин'),
(1062, 47, 7, 0, '2019-01-01 07:28:30', '2019-01-05 21:11:38', 'п', 0, 'Рощупкин'),
(1063, 44, 7, 0, '2019-01-02 16:04:51', '2019-01-02 17:24:26', 'Необходима замена PTX', 1, 'Рощупкин'),
(1064, 71, 5, 0, '2019-01-06 00:28:26', '2019-01-06 07:30:00', '1', 1, 'Рощупкин'),
(1065, 150, 5, 0, '2019-01-10 01:43:43', '2019-01-10 07:30:00', '1', 1, '1'),
(1066, 38, 7, 0, '2019-01-12 00:05:32', '2019-01-12 01:35:21', 'Завис PTX', 1, 'Рощупкин'),
(1067, 30, 5, 0, '2019-01-16 03:27:12', '2019-01-16 06:00:05', 'ghj', 1, 'hjk'),
(1068, 131, 7, 0, '2019-01-19 23:55:44', '2019-01-20 06:25:31', 'Завис PTX', 1, 'Малахов'),
(1069, 22, 7, 0, '2019-01-20 01:37:20', '2019-01-20 18:41:13', 'чпрч', 1, 'Малахов'),
(1070, 141, 7, 0, '2019-01-22 22:32:00', '2019-02-04 22:39:03', 'повис', 0, 'у'),
(1071, 141, 5, 0, '2019-01-24 00:34:58', '2019-01-24 07:30:00', 'bnx', 1, 'xn'),
(1072, 151, 7, 0, '2019-01-31 23:27:32', '2019-02-01 06:11:06', 'замена ptx', 1, 'малахов'),
(1073, 6, 5, 0, '2019-02-01 00:18:38', '2019-02-01 01:19:59', 'fgm', 1, 'малахов'),
(1074, 101, 5, 0, '2019-02-01 00:18:48', '2019-02-01 03:53:03', 'zdgnz', 1, 'малахов'),
(1075, 151, 3, 0, '2019-02-04 10:43:40', '2019-02-04 10:45:36', 'нет драйвера', 1, 'Кибанов'),
(1076, 152, 3, 0, '2019-02-04 10:44:00', '2019-02-04 10:45:13', 'нет драйвера', 1, 'Кибанов'),
(1077, 153, 3, 0, '2019-02-04 10:44:18', '2019-02-04 10:44:45', 'нет драйвера', 1, 'Кибанов'),
(1078, 153, 3, 0, '2019-02-04 10:45:02', '2019-10-21 08:41:16', 'нет драйвера', 0, 'Кибанов'),
(1079, 152, 3, 0, '2019-02-04 10:45:29', '2019-10-21 08:41:43', 'нет драйвера', 0, 'Кибанов'),
(1080, 151, 3, 0, '2019-02-04 10:45:50', '2019-10-21 08:41:37', 'нет драйвера', 0, 'Кибанов'),
(1081, 141, 5, 0, '2019-02-04 22:37:57', '2019-02-05 01:32:29', 'hgf', 1, 'jhv'),
(1082, 55, 5, 0, '2019-02-27 00:14:00', '2019-02-27 01:48:39', '1', 1, '1'),
(1083, 151, 7, 0, '2019-03-12 01:35:38', '2019-03-12 01:50:13', 'Нужно ехать', 1, 'Рощупкин'),
(1084, 71, 5, 0, '2019-03-12 22:43:18', '2019-03-13 06:11:18', 'fgn', 1, 'xgn'),
(1085, 46, 7, 0, '2019-03-12 23:13:49', '2019-03-13 06:11:44', 'cvhn', 1, 'xgn'),
(1086, 101, 5, 0, '2019-03-13 00:04:13', '2019-03-13 00:13:36', 'tytytyty', 1, 'xgn'),
(1087, 101, 5, 0, '2019-03-13 00:44:42', '2019-03-13 00:54:03', 'hg\r\n', 1, 'xgn'),
(1088, 46, 7, 0, '2019-03-13 08:18:31', '2019-03-13 12:55:57', '1', 1, '1'),
(1089, 129, 7, 0, '2019-03-13 08:19:29', '2019-03-13 14:26:22', '1', 1, '1'),
(1090, 51, 7, 0, '2019-03-15 22:46:38', '2019-03-16 02:57:30', 'Завис PTX. Требуется перезагрузка', 1, 'Рощупкин'),
(1091, 71, 5, 0, '2019-03-16 00:57:28', '2019-03-16 01:36:55', 'Проверить', 1, 'Рощупкин'),
(1092, 71, 5, 0, '2019-03-16 02:58:24', '2019-03-16 06:29:15', '1', 1, 'Рощупкин'),
(1093, 48, 7, 0, '2019-03-17 09:03:00', '2019-03-17 18:00:32', '1', 1, '1'),
(1094, 71, 5, 0, '2019-03-19 00:52:32', '2019-03-19 03:32:36', '1', 1, '1'),
(1095, 155, 3, 0, '2019-03-19 09:28:10', '2019-10-21 08:41:08', 'Отсутствует оборудование', 0, 'Кибанов'),
(1096, 156, 3, 0, '2019-03-19 09:28:33', '2019-10-21 08:41:02', 'Отсутствует оборудование', 0, 'Кибанов'),
(1097, 129, 7, 0, '2019-03-20 09:39:27', '2019-03-20 19:30:00', 'Завис PTX', 1, 'Рощупкин'),
(1098, 129, 7, 0, '2019-03-20 21:34:44', '2019-03-21 06:05:23', 'завис PTX', 1, 'm'),
(1099, 129, 7, 0, '2019-03-21 09:08:14', '2019-03-21 19:30:00', '1', 1, '1'),
(1100, 129, 7, 0, '2019-03-22 05:58:31', '2019-03-24 08:16:12', 'Завис PTX', 0, 'emz'),
(1101, 113, 7, 0, '2019-03-25 02:22:58', '2019-03-25 02:32:13', 'bjm', 1, 'vj'),
(1102, 141, 5, 0, '2019-04-04 04:25:49', '2019-04-04 06:46:12', '1', 1, '1'),
(1103, 113, 7, 0, '2019-04-12 04:00:44', '2019-04-12 07:11:17', '1', 1, '1'),
(1104, 113, 7, 0, '2019-04-14 00:51:00', '2019-04-14 01:10:17', 'fgh', 1, 'hgsf'),
(1105, 113, 7, 0, '2019-04-14 01:51:31', '2019-04-14 02:00:36', 'ghj', 1, 'hgsf'),
(1106, 113, 7, 0, '2019-04-14 02:21:34', '2019-04-14 02:50:54', 'fgfgfgb bv ', 1, 'hgsf'),
(1107, 131, 7, 0, '2019-04-21 00:55:50', '2019-04-23 06:47:03', 'n', 0, 'n'),
(1108, 50, 7, 0, '2019-04-23 22:57:22', '2019-04-23 23:55:38', '1', 1, '1'),
(1109, 113, 7, 0, '2019-04-27 11:58:32', '2019-05-08 08:08:22', 'j', 0, 'j'),
(1110, 46, 7, 0, '2019-05-22 21:35:03', '2019-05-23 07:07:06', '22', 0, '33'),
(1111, 52, 7, 0, '2019-05-25 09:26:46', '2019-05-25 20:25:50', '3', 0, '3'),
(1112, 52, 7, 0, '2019-05-25 22:25:30', '2019-05-26 07:30:00', '1', 1, '3'),
(1113, 47, 7, 0, '2019-05-27 11:34:41', '2019-05-27 11:55:07', 'Завис PTX', 1, 'Рощупкин'),
(1114, 145, 7, 0, '2019-06-05 10:27:22', '2019-06-05 19:21:23', '1', 1, '1'),
(1115, 150, 5, 0, '2019-06-10 23:59:01', '2019-06-11 01:59:06', '1', 1, '1'),
(1116, 131, 7, 0, '2019-06-18 10:01:02', '2019-06-19 08:29:55', 'd', 0, 'd'),
(1117, 4, 17, 0, '2019-06-24 03:11:07', '2019-06-24 07:30:00', 'j', 1, 'j'),
(1118, 52, 7, 0, '2019-06-27 19:20:20', '2019-07-08 05:49:58', 'povis', 0, 'h'),
(1119, 91, 7, 0, '2019-07-06 19:00:20', '2019-07-06 19:30:00', 'нет транспорта', 1, 'малахов'),
(1120, 46, 7, 0, '2019-07-12 16:33:26', '2019-07-12 19:08:31', 'kjh', 1, 'kljkj'),
(1121, 46, 7, 0, '2019-07-14 21:33:29', '2019-07-15 07:30:00', 'pfdbc PTX', 1, 'vfkf[jd'),
(1122, 145, 7, 0, '2019-08-04 09:15:24', '2019-08-04 19:30:00', '1', 1, '1'),
(1123, 56, 7, 0, '2019-08-05 14:09:29', '2019-08-05 14:13:34', '1', 1, '111'),
(1124, 56, 7, 0, '2019-08-05 23:34:16', '2019-08-06 01:19:30', '1', 1, '1'),
(1125, 56, 7, 0, '2019-08-06 01:50:31', '2019-08-06 04:20:50', '1', 1, '1'),
(1126, 56, 7, 0, '2019-08-06 04:51:51', '2019-08-06 07:30:00', '1', 1, '1'),
(1127, 56, 7, 0, '2019-08-06 07:57:57', '2019-08-12 10:05:47', '1', 0, '11'),
(1128, 159, 3, 0, '2019-08-08 14:04:19', '2019-08-08 14:04:56', 'нет связи', 1, 'Кибанов'),
(1129, 158, 3, 0, '2019-08-08 14:04:43', '2019-08-08 14:06:04', 'Нет мониторов', 1, 'Кибанов'),
(1130, 159, 3, 0, '2019-08-08 14:05:14', '2019-08-08 14:06:52', 'Нет мониторов', 1, 'Кибанов'),
(1131, 158, 3, 0, '2019-08-08 14:06:35', '2019-10-21 08:40:48', 'Нет монитора', 0, 'Кибанов'),
(1132, 159, 3, 0, '2019-08-08 14:07:09', '2019-10-21 08:40:36', 'Нет монитора', 0, 'Кибанов'),
(1133, 157, 3, 0, '2019-08-08 14:07:53', '2019-10-21 08:40:56', 'Нет связи между монитором и PTX', 0, 'Кибанов'),
(1134, 97, 7, 0, '2019-08-11 21:26:56', '2019-08-12 06:40:40', 'ytn vfibys', 1, 'vfkf[jd'),
(1135, 56, 7, 0, '2019-08-12 13:09:49', '2019-08-12 13:25:45', '1', 1, '1'),
(1136, 56, 7, 0, '2019-08-12 14:49:14', '2019-08-12 19:21:03', '1', 1, '1'),
(1137, 56, 7, 0, '2019-08-13 09:29:37', '2019-08-13 10:46:01', '1', 1, '54'),
(1138, 56, 7, 0, '2019-08-13 12:20:47', '2019-09-05 09:34:27', '1', 0, '54'),
(1139, 113, 7, 0, '2019-08-14 12:09:37', '2019-08-19 05:36:08', 'Завис РТХ', 0, 'Зиновьев'),
(1140, 131, 7, 0, '2019-08-28 11:16:35', '2019-08-28 14:15:14', '1', 1, '1'),
(1141, 149, 7, 0, '2019-08-31 23:37:20', '2019-09-01 05:42:38', 'fgjh', 1, 'xgn'),
(1142, 149, 7, 0, '2019-09-01 09:51:44', '2019-09-01 15:04:30', '1', 1, '1'),
(1143, 56, 7, 0, '2019-09-05 09:34:49', '2019-09-05 19:30:00', 'Завис PTX', 1, 'Рощупкин'),
(1144, 113, 7, 0, '2019-10-07 08:05:08', '2019-10-08 05:53:48', 's', 0, 's'),
(1145, 58, 17, 0, '2019-11-06 19:38:16', '2019-11-06 20:27:57', 'f', 1, 'g'),
(1146, 34, 5, 0, '2019-11-18 01:41:01', '2019-11-18 03:40:11', '1', 1, '1'),
(1147, 83, 7, 0, '2019-11-18 20:25:56', '2019-11-19 21:21:51', '0', 0, '0'),
(1148, 47, 7, 0, '2019-11-25 09:47:01', '2019-11-27 08:26:15', '0', 0, '0'),
(1149, 146, 5, 0, '2019-11-26 03:32:57', '2019-11-26 07:02:20', 'Нет связи', 1, 'Рощупкин'),
(1150, 71, 5, 0, '2019-12-10 02:53:47', '2019-12-10 04:20:59', 'fjhk', 1, 'ck'),
(1151, 87, 7, 0, '2019-12-10 07:23:42', '2019-12-10 07:30:00', 'Завис бортовой компьютер PTX', 1, 'Рощупкин'),
(1152, 87, 7, 0, '2019-12-10 07:43:05', '2019-12-10 11:54:18', 'Завис PTX', 1, 'Рощупкин'),
(1153, 97, 5, 0, '2019-12-23 23:27:59', '2019-12-24 02:30:20', '1', 1, '1'),
(1154, 119, 7, 0, '2019-12-24 21:41:11', '2019-12-25 08:19:44', '2', 0, '2'),
(1155, 50, 7, 0, '2019-12-30 12:59:49', '2019-12-30 16:08:27', '1', 1, '1'),
(1156, 113, 7, 0, '2020-01-09 18:55:57', '2020-01-11 10:43:49', 'g', 0, 'g'),
(1157, 117, 7, 0, '2020-01-09 18:56:07', '2020-01-11 10:44:14', 'g', 0, 'g'),
(1158, 129, 7, 0, '2020-01-10 19:45:03', '2020-01-11 07:30:00', 'завис PTX', 1, 'Малахов'),
(1159, 129, 7, 0, '2020-01-11 07:35:02', '2020-01-11 19:30:00', '1', 1, '1'),
(1160, 52, 7, 0, '2020-01-14 23:16:42', '2020-01-15 01:04:45', 'mkjbh', 1, 'kjb'),
(1161, 47, 7, 0, '2020-01-19 00:26:34', '2020-01-19 07:30:00', 'gbh', 1, 'xgn'),
(1162, 154, 7, 0, '2020-01-19 00:46:46', '2020-01-19 03:07:18', 'yuk', 1, 'xgn'),
(1163, 47, 7, 0, '2020-01-19 10:51:40', '2020-01-19 14:53:07', '1', 1, 'xgn'),
(1164, 46, 7, 0, '2020-01-22 19:20:15', '2020-01-22 19:30:00', 'завис птх', 1, 'vfkf[jd'),
(1165, 119, 7, 0, '2020-01-22 19:20:33', '2020-01-22 19:30:00', 'завис птх', 1, 'vfkf[jd'),
(1166, 46, 7, 0, '2020-01-22 21:42:12', '2020-01-23 06:13:45', 'завис птх', 1, 'vfkf[jd'),
(1167, 119, 7, 0, '2020-01-22 22:21:17', '2020-01-23 06:13:50', 'завис птх', 1, 'vfkf[jd'),
(1168, 119, 7, 0, '2020-01-23 08:42:20', '2020-01-23 08:43:47', '1', 1, '1'),
(1169, 119, 7, 0, '2020-01-23 08:58:07', '2020-01-23 09:29:04', '1', 1, '1'),
(1170, 113, 7, 0, '2020-01-23 13:36:33', '2020-01-23 19:30:00', '1', 1, '1'),
(1171, 55, 7, 0, '2020-02-02 12:27:57', '2020-02-02 12:47:23', 'ghjcgv', 1, 'vffk[jd'),
(1172, 149, 7, 0, '2020-02-06 01:24:21', '2020-02-06 01:54:29', '1', 1, '1'),
(1173, 83, 7, 0, '2020-02-11 21:15:51', '2020-02-12 06:17:12', 'jhvg', 1, 'kjbjb'),
(1174, 46, 7, 0, '2020-02-14 21:31:58', '2020-02-17 13:18:22', '25', 0, '5'),
(1175, 97, 7, 0, '2020-02-16 07:55:07', '2020-02-16 10:16:08', '1', 1, '1'),
(1176, 47, 7, 0, '2020-02-18 09:04:37', '2020-02-19 22:23:27', 'ptx not pinging', 0, 'emz'),
(1177, 150, 5, 0, '2020-02-22 03:41:44', '2020-02-22 07:30:00', '1', 1, '1'),
(1178, 58, 17, 0, '2020-02-23 19:00:52', '2020-02-23 19:30:00', 'lkh', 1, 'kg'),
(1179, 58, 17, 0, '2020-02-23 19:35:07', '2020-02-23 19:59:49', 'kjbk', 1, 'jhvgjh'),
(1180, 58, 17, 0, '2020-02-23 21:05:20', '2020-02-24 07:30:00', 'kljhkjb', 1, 'jhvgjh'),
(1181, 58, 17, 0, '2020-02-24 07:36:01', '2020-02-24 07:54:52', '1', 1, 'jhvgjh'),
(1182, 58, 17, 0, '2020-02-24 08:50:28', '2020-02-24 19:30:00', '1', 1, '1'),
(1183, 58, 17, 0, '2020-02-25 10:23:03', '2020-02-25 15:11:43', '1', 1, '1'),
(1184, 58, 17, 0, '2020-02-25 15:32:01', '2020-02-25 19:30:00', '1', 1, '1'),
(1185, 58, 17, 0, '2020-02-25 20:05:49', '2020-02-25 23:10:09', '1', 1, '1'),
(1186, 58, 17, 0, '2020-02-25 23:36:00', '2020-02-26 07:30:00', '1', 1, '1'),
(1187, 58, 17, 0, '2020-02-26 07:57:24', '2020-02-26 08:23:41', '1', 1, '1'),
(1188, 58, 17, 0, '2020-02-26 08:33:20', '2020-02-26 11:23:10', '1', 1, '1'),
(1189, 58, 17, 0, '2020-02-26 11:33:21', '2020-02-26 11:43:11', '1', 1, '1'),
(1190, 58, 17, 0, '2020-02-26 12:13:27', '2020-02-26 12:23:37', '1', 1, '1'),
(1191, 115, 7, 0, '2020-02-26 22:11:02', '2020-03-05 11:33:42', '2', 0, '3'),
(1192, 117, 7, 0, '2020-02-27 23:17:30', '2020-02-27 23:47:00', 'xfhxf', 1, 'xn'),
(1193, 55, 7, 0, '2020-02-28 08:03:58', '2020-02-28 08:37:47', '1', 1, '1'),
(1194, 55, 7, 0, '2020-02-28 08:44:31', '2020-02-28 09:08:05', '1', 1, '1'),
(1195, 91, 7, 0, '2020-02-28 13:31:40', '2020-02-28 19:30:00', '1', 1, '1'),
(1196, 91, 7, 0, '2020-02-29 08:07:05', '2020-03-03 06:36:51', '2', 0, '2'),
(1197, 149, 7, 0, '2020-02-29 22:15:26', '2020-03-01 07:30:00', '1', 1, '2'),
(1198, 156, 5, 0, '2020-03-01 00:12:24', '2020-03-01 06:04:59', '1', 1, '2'),
(1199, 143, 5, 0, '2020-03-01 02:29:15', '2020-03-01 07:30:00', '1', 1, '2'),
(1200, 46, 7, 0, '2020-03-04 22:18:15', '2020-03-05 00:17:54', '1', 1, '1'),
(1201, 113, 7, 0, '2020-03-20 10:07:13', '2020-05-22 07:14:32', 'f', 0, 'f'),
(1202, 55, 7, 0, '2020-03-21 20:04:40', '2020-03-22 07:14:09', '3', 0, '3'),
(1203, 89, 5, 0, '2020-03-22 22:39:12', '2020-03-23 07:30:00', 'jhgjh', 1, 'kb'),
(1204, 95, 7, 0, '2020-03-24 00:15:18', '2020-03-24 06:47:13', 'ремонт', 1, 'Ведерников'),
(1205, 49, 7, 0, '2020-04-01 00:32:42', '2020-11-22 23:58:50', 'не в работе', 0, 'ведерников'),
(1206, 50, 5, 0, '2020-04-01 00:33:27', '2020-04-01 00:34:03', 'не в работе', 0, 'ведерников'),
(1207, 50, 7, 0, '2020-04-01 00:33:55', '2020-05-06 21:57:15', 'не в работе', 0, 'ведерников'),
(1208, 54, 7, 0, '2020-04-01 00:34:30', '2020-04-01 01:02:47', 'не в работе', 1, 'ведерников'),
(1209, 56, 7, 0, '2020-04-01 00:34:51', '2020-04-01 07:30:00', 'не в работе', 1, 'ведерников'),
(1210, 115, 7, 0, '2020-04-01 00:35:17', '2020-04-01 07:30:00', 'не в работе', 1, 'ведерников'),
(1211, 54, 7, 0, '2020-04-01 01:03:15', '2020-04-01 07:30:00', 'не в работе', 1, 'ведерников'),
(1212, 117, 7, 0, '2020-04-02 19:11:30', '2020-05-22 07:14:22', '2', 0, '3'),
(1213, 6, 5, 0, '2020-04-06 02:08:45', '2020-04-06 07:30:00', '1', 1, '1'),
(1214, 54, 7, 0, '2020-04-06 02:08:58', '2020-04-06 07:30:00', '1', 1, '1'),
(1215, 56, 7, 0, '2020-04-06 02:09:11', '2020-04-06 07:30:00', '1', 1, '1'),
(1216, 115, 7, 0, '2020-04-06 02:09:19', '2020-04-06 07:30:00', '1', 1, '1'),
(1217, 150, 7, 0, '2020-04-06 02:09:28', '2020-04-06 07:30:00', '1', 1, '1'),
(1218, 141, 7, 0, '2020-04-06 02:09:37', '2020-04-06 07:30:00', '1', 1, '1'),
(1219, 143, 7, 0, '2020-04-06 02:09:46', '2020-04-06 02:37:48', '1', 1, '1'),
(1220, 143, 7, 0, '2020-04-06 03:09:08', '2020-04-06 07:30:00', '1', 1, '1'),
(1221, 119, 7, 0, '2020-04-15 21:10:21', '2020-04-15 23:51:54', 'vhjk', 1, 'vhjk'),
(1222, 131, 7, 0, '2020-04-20 19:31:43', '2020-04-20 20:44:59', 'Завис PTX', 1, 'Рощупкин А.В.'),
(1223, 131, 7, 0, '2020-04-20 20:46:32', '2020-04-21 07:30:00', 'sfe', 1, 'sr'),
(1224, 129, 5, 0, '2020-04-20 22:12:38', '2020-04-20 22:12:50', 'Завис PTX', 1, 'Рощупкин А.В.'),
(1225, 129, 7, 0, '2020-04-20 22:13:20', '2020-04-20 23:26:19', 'Нет данных GPS. Экскаватор в перегоне', 1, 'Рощупкин А.В.'),
(1226, 131, 7, 0, '2020-04-21 08:50:46', '2020-05-22 07:14:37', '1', 0, '1'),
(1227, 153, 7, 0, '2020-04-22 20:17:16', '2020-04-22 23:55:55', '5', 0, '5'),
(1228, 183, 5, 0, '2020-04-30 02:03:14', '2020-04-30 03:36:04', '1', 1, '1'),
(1229, 141, 5, 0, '2020-04-30 03:46:59', '2020-04-30 07:30:00', '1', 1, '1'),
(1230, 48, 7, 0, '2020-05-09 21:44:02', '2020-05-09 21:53:37', 'jhg', 1, 'h'),
(1231, 48, 7, 0, '2020-05-09 22:14:19', '2020-05-09 22:23:56', 'iouhiu', 1, 'hkjbh'),
(1232, 209, 17, 0, '2020-05-12 10:34:12', '2020-05-15 13:07:57', '1', 0, '11'),
(1233, 52, 7, 0, '2020-05-15 12:36:48', '2020-05-15 13:07:08', 'Завис PTX', 1, 'Рощупкин А.В.'),
(1234, 52, 5, 0, '2020-05-15 13:58:27', '2020-05-15 14:03:05', 'Завис PTX', 1, 'Рощупкин А.В.'),
(1235, 52, 7, 0, '2020-05-15 14:03:20', '2020-05-15 18:47:28', 'Завис PTX', 1, 'Рощупкин А.В.'),
(1236, 48, 7, 0, '2020-05-19 08:14:56', '2020-05-22 07:14:43', 'l', 0, 'l'),
(1237, 91, 7, 0, '2020-05-19 23:18:18', '2020-05-20 02:56:45', '1', 1, 'l'),
(1238, 209, 17, 0, '2020-05-20 19:50:19', '2020-05-23 11:33:15', 'h', 0, 'l'),
(1239, 209, 17, 0, '2020-05-26 22:49:32', '2020-06-22 06:08:46', 'нет связи', 0, 'ведерников'),
(1240, 87, 7, 0, '2020-05-28 00:57:13', '2020-05-28 01:29:15', '1', 1, 'ведерников'),
(1241, 87, 7, 0, '2020-05-28 02:30:33', '2020-05-28 03:00:20', '1', 1, 'ведерников'),
(1242, 55, 7, 0, '2020-05-30 11:08:09', '2020-05-30 11:55:43', '1', 1, '1'),
(1243, 48, 7, 0, '2020-05-30 16:38:56', '2020-05-30 16:48:17', '1', 1, '1'),
(1244, 154, 7, 0, '2020-06-01 01:10:18', '2020-06-01 06:22:04', '1', 1, '1'),
(1245, 48, 7, 0, '2020-06-01 02:07:03', '2020-06-01 02:36:03', '1', 1, '1'),
(1246, 48, 7, 0, '2020-06-01 05:21:20', '2020-06-01 06:42:42', '1', 1, '1'),
(1247, 48, 7, 0, '2020-06-01 11:22:43', '2020-06-01 11:55:10', 'Не работает GPS. Экскаватор не в работе', 1, 'Рощупкин А.В.'),
(1248, 55, 7, 0, '2020-06-01 19:00:14', '2021-01-11 06:27:41', '2', 0, '1'),
(1249, 48, 7, 0, '2020-06-03 19:49:13', '2020-07-18 12:13:09', 'w3rd4r', 0, 'tg6'),
(1250, 119, 7, 0, '2020-06-07 14:00:47', '2020-06-07 14:18:01', '1', 1, '1'),
(1251, 71, 7, 0, '2020-06-11 02:58:20', '2020-06-11 06:44:26', 'Неисправен GPS. Не устранено. Нет транспорта.', 1, 'Рощупкин А.В.'),
(1252, 131, 7, 0, '2020-06-15 12:33:28', '2020-06-15 17:16:50', '1', 1, '1'),
(1253, 97, 7, 0, '2020-06-19 11:00:41', '2020-06-19 15:17:06', '1', 1, '1'),
(1254, 83, 5, 0, '2020-06-25 01:56:37', '2020-06-25 10:58:22', '1', 1, '1'),
(1255, 119, 7, 0, '2020-07-02 09:42:12', '2020-07-02 10:17:06', 'k', 0, 'k'),
(1256, 129, 7, 0, '2020-07-15 08:54:52', '2020-07-15 09:00:49', '111', 1, '111'),
(1257, 129, 7, 0, '2020-07-15 09:01:04', '2020-07-17 08:46:11', '111', 0, '111'),
(1258, 56, 7, 0, '2020-07-15 18:55:56', '2020-07-15 19:30:00', '1', 0, '1'),
(1259, 56, 7, 1, '2020-07-15 19:36:20', NULL, '1', 0, '1'),
(1260, 129, 7, 0, '2020-07-23 13:41:27', '2021-05-09 10:14:53', '1', 0, '1'),
(1261, 119, 7, 0, '2020-07-26 16:30:44', '2021-05-09 10:15:47', 'h', 0, 'h'),
(1262, 209, 17, 0, '2020-08-01 19:19:00', '2020-08-01 19:30:00', 'отключено питание', 1, 'Малахов'),
(1263, 209, 17, 0, '2020-08-01 22:00:49', '2020-08-02 07:30:00', 'нет питания', 1, 'Малахов'),
(1264, 209, 17, 0, '2020-08-02 08:41:21', '2020-08-02 14:06:26', '1', 1, 'Малахов'),
(1265, 209, 17, 0, '2020-08-02 14:11:46', '2020-08-02 19:30:00', '1', 1, 'Малахов'),
(1266, 209, 17, 0, '2020-08-02 19:51:39', '2020-08-03 07:30:00', '1111', 1, 'Малахов'),
(1267, 209, 17, 0, '2020-08-03 09:02:53', '2020-08-03 09:25:02', '1', 0, '1'),
(1268, 131, 7, 0, '2020-08-04 03:22:18', '2020-08-04 07:30:00', '1', 1, 'Малахов'),
(1269, 131, 7, 0, '2020-08-05 20:54:17', '2020-08-06 07:30:00', 'завис ptx', 1, 'vfkf[jd'),
(1270, 131, 7, 0, '2020-08-06 07:59:22', '2020-08-06 08:45:14', '1', 1, 'vfkf[jd'),
(1271, 131, 7, 0, '2020-08-06 08:47:38', '2020-08-06 16:55:52', '1', 1, '1'),
(1272, 47, 7, 0, '2020-08-25 20:55:47', '2020-08-26 01:58:09', 'завис ptx', 1, 'малахов'),
(1273, 47, 7, 0, '2020-09-05 03:21:24', '2020-09-05 05:40:47', '1', 1, '1'),
(1274, 209, 17, 0, '2020-09-19 14:32:05', '2020-09-19 19:30:00', '1', 1, '1'),
(1275, 209, 17, 0, '2020-09-19 22:27:51', '2020-09-20 07:30:00', '1', 1, '1'),
(1276, 209, 17, 0, '2020-09-20 18:52:40', '2020-09-20 19:30:00', '1\r\n', 1, '1'),
(1277, 209, 17, 0, '2020-09-20 19:31:00', '2020-09-21 07:30:00', '1', 1, '1'),
(1278, 209, 17, 0, '2020-09-21 07:32:40', '2020-09-21 07:57:46', '1', 1, '1'),
(1279, 209, 17, 0, '2020-09-21 10:16:53', '2020-09-29 06:38:07', '1', 0, '1'),
(1280, 113, 7, 0, '2020-09-27 07:03:09', '2020-09-27 07:30:00', '1', 1, '1'),
(1281, 113, 7, 0, '2020-09-27 07:33:33', '2020-09-27 14:56:23', '1', 1, '1'),
(1282, 52, 7, 0, '2020-10-01 11:18:56', '2020-10-01 18:25:33', '1', 1, '1'),
(1283, 52, 7, 0, '2020-10-04 22:22:53', '2020-10-04 22:35:22', 'hfjmk', 1, 'cghjm'),
(1284, 156, 7, 0, '2020-10-04 22:23:25', '2020-10-04 22:35:13', 'cvgnfxg', 1, 'cghjm'),
(1285, 52, 7, 0, '2020-10-04 22:46:20', '2020-10-04 22:47:21', 'jhfhf', 1, 'cghjm'),
(1286, 156, 7, 0, '2020-10-05 00:30:34', '2020-10-05 06:57:34', 'cfb', 1, 'dfb'),
(1287, 87, 7, 0, '2020-10-06 21:04:26', '2020-10-07 07:30:00', '1', 1, '1'),
(1288, 87, 7, 0, '2020-10-07 07:39:25', '2020-10-07 07:57:21', '1', 1, '1'),
(1289, 209, 17, 0, '2020-10-11 19:30:36', '2020-11-04 10:36:12', 'j', 0, 'm'),
(1290, 40, 7, 0, '2020-10-15 04:08:02', '2020-10-15 05:16:29', '1', 1, '1'),
(1291, 87, 7, 0, '2020-10-31 04:35:36', '2020-10-31 07:37:06', '1', 1, '1'),
(1292, 75, 5, 0, '2020-11-04 02:03:05', '2020-11-04 03:23:16', '1', 1, '1'),
(1293, 75, 5, 0, '2020-11-04 03:34:09', '2020-11-04 03:43:29', '1', 1, '1'),
(1294, 209, 17, 0, '2020-11-05 10:06:33', '2020-11-05 15:58:11', '11', 1, '11'),
(1295, 209, 17, 0, '2020-11-06 10:43:42', '2020-11-12 16:40:47', 'хез', 0, 'ЕМЗ'),
(1296, 47, 7, 0, '2020-11-12 01:36:01', '2020-11-12 07:30:00', '1', 1, '1'),
(1297, 131, 7, 0, '2020-11-20 19:10:46', '2021-05-09 10:15:31', 'повис', 0, 'у'),
(1298, 161, 7, 0, '2020-11-20 19:23:21', '2021-01-03 10:09:55', 'повис', 0, 'у'),
(1299, 154, 7, 0, '2020-11-20 22:53:21', '2020-11-21 01:04:03', 'пп', 1, 'у'),
(1300, 209, 17, 0, '2020-11-21 14:45:32', '2020-11-21 19:30:00', '111', 1, 'у'),
(1301, 154, 7, 0, '2020-11-21 20:23:26', '2020-11-22 03:16:54', 'hjhgv', 1, 'nbvb'),
(1302, 209, 17, 0, '2020-11-21 21:22:13', '2020-11-22 07:30:00', 'kjg', 1, 'nbvb'),
(1303, 209, 17, 0, '2020-11-22 18:47:31', '2020-11-22 19:22:46', '111\r\n', 1, 'nbvb'),
(1304, 154, 7, 0, '2020-11-22 18:48:32', '2020-11-22 19:22:46', 'ппр', 1, 'nbvb'),
(1305, 209, 17, 0, '2020-11-22 19:25:40', '2020-11-25 15:15:44', 'g', 0, 'v'),
(1306, 154, 7, 0, '2020-11-23 22:13:12', '2020-11-24 00:33:38', 'ппр', 1, 'nbvb'),
(1307, 149, 7, 0, '2020-11-24 23:41:57', '2020-11-25 15:16:29', 'f', 0, 'f'),
(1308, 209, 17, 0, '2020-12-08 13:53:25', '2020-12-08 14:03:06', '1', 0, '1'),
(1309, 209, 17, 0, '2020-12-08 18:47:29', '2020-12-08 18:57:03', '111', 1, '111'),
(1310, 209, 17, 0, '2020-12-09 08:23:36', '2020-12-22 11:35:22', '1', 0, '1'),
(1311, 186, 5, 0, '2020-12-18 03:38:14', '2020-12-18 06:13:50', '1', 1, '1'),
(1312, 101, 7, 0, '2020-12-21 11:10:46', '2020-12-21 13:16:45', 'Не работает. Нет транспорта', 1, 'Рощупкин А.В.'),
(1313, 212, 5, 0, '2020-12-22 05:35:59', '2020-12-22 07:30:00', '11', 1, '1'),
(1314, 209, 17, 0, '2020-12-23 13:53:46', '2021-10-23 15:21:08', '11', 0, '1'),
(1315, 139, 5, 0, '2020-12-26 00:54:36', '2020-12-26 07:30:00', '1', 1, '1'),
(1316, 139, 5, 0, '2020-12-30 00:48:56', '2020-12-30 07:30:00', '1', 1, '1'),
(1317, 157, 5, 0, '2020-12-30 00:57:37', '2020-12-30 04:09:28', '1', 1, '1'),
(1318, 157, 5, 0, '2020-12-30 04:40:47', '2020-12-30 04:49:51', '1', 1, '1'),
(1319, 157, 5, 0, '2020-12-30 05:21:01', '2020-12-30 07:30:00', '1', 1, '1'),
(1320, 215, 17, 0, '2020-12-31 12:05:10', '2021-10-23 15:21:04', 'е6еп', 0, 'е'),
(1321, 212, 5, 0, '2021-01-15 02:50:46', '2021-01-15 06:24:43', '1', 1, '1'),
(1322, 95, 7, 0, '2021-01-18 09:45:52', '2021-01-20 08:49:33', 'f', 0, 'f'),
(1323, 46, 7, 0, '2021-01-20 20:56:37', '2021-01-21 06:37:13', 'kjh', 1, 'liuh'),
(1324, 46, 7, 0, '2021-01-21 10:06:45', '2021-01-21 17:27:20', '1', 1, '111'),
(1325, 141, 5, 0, '2021-01-22 23:18:45', '2021-01-23 03:31:34', '1', 1, '1'),
(1326, 216, 5, 0, '2021-01-23 03:22:43', '2021-01-23 05:13:16', '1', 1, '1'),
(1327, 141, 5, 0, '2021-01-23 03:42:29', '2021-01-23 07:30:00', '1\r\n', 1, '1'),
(1328, 50, 5, 0, '2021-01-27 01:17:25', '2021-01-27 01:26:22', '1', 1, '1'),
(1329, 50, 7, 0, '2021-01-27 01:26:32', '2021-01-27 01:36:08', '1', 1, '1'),
(1330, 55, 7, 0, '2021-01-28 11:42:42', '2021-01-28 15:14:18', 'Неисправен. Ждем хорошую погоду для устранения', 1, 'Рощупкин А.В.'),
(1331, 97, 7, 0, '2021-01-30 00:48:16', '2021-01-30 07:30:00', '111', 1, '111'),
(1332, 97, 7, 0, '2021-01-30 08:03:20', '2021-02-01 13:29:40', 'g', 0, '111'),
(1333, 117, 7, 0, '2021-01-30 20:51:06', '2021-01-30 21:00:18', '1', 1, '111'),
(1334, 117, 7, 0, '2021-02-01 13:36:22', '2021-03-25 09:26:17', 'ХЕЗ - но он перегрузочный, нах не нужен GPS', 0, '1'),
(1335, 50, 7, 0, '2021-02-02 09:42:21', '2021-02-02 13:17:29', 'Завис PTX', 1, 'Рощупкин А.В.'),
(1336, 46, 7, 0, '2021-02-03 07:32:56', '2021-05-09 10:15:00', 'rtt', 0, 't'),
(1337, 149, 7, 0, '2021-02-04 19:05:36', '2021-02-06 12:13:14', 'h', 0, 'h'),
(1338, 216, 5, 0, '2021-02-06 12:49:50', '2021-02-06 19:30:00', '1', 1, '1'),
(1339, 216, 5, 0, '2021-02-07 08:01:43', '2021-02-10 06:22:56', 't', 0, '1'),
(1340, 113, 7, 0, '2021-02-20 10:37:55', '2021-02-20 11:47:58', '1', 1, '1'),
(1341, 149, 7, 0, '2021-02-22 09:32:58', '2021-02-22 19:30:01', '1', 1, '1'),
(1342, 167, 5, 0, '2021-02-27 12:23:10', '2021-02-27 12:23:18', 'Проверка', 1, 'Рощупкин'),
(1343, 50, 7, 0, '2021-03-14 07:47:57', '2021-03-14 19:30:00', '1', 1, '1'),
(1344, 47, 7, 0, '2021-03-28 04:18:21', '2021-03-28 06:58:18', '1', 1, '1'),
(1345, 77, 5, 0, '2021-04-04 23:43:09', '2021-04-05 01:33:49', '1', 1, '1'),
(1346, 77, 5, 0, '2021-04-05 01:44:31', '2021-04-05 01:54:03', '1', 1, '1'),
(1347, 77, 5, 0, '2021-04-05 02:14:54', '2021-04-05 02:24:23', '1', 1, '1'),
(1348, 149, 7, 0, '2021-04-05 03:16:07', '2021-04-05 07:12:03', '1', 1, '1'),
(1349, 77, 5, 0, '2021-04-05 03:36:30', '2021-04-05 06:17:57', '1', 1, '1'),
(1350, 55, 7, 0, '2021-04-07 16:34:48', '2021-04-07 18:51:49', '1', 1, '1'),
(1351, 97, 7, 0, '2021-04-16 08:51:01', '2021-04-17 16:25:03', 'f', 0, 'f'),
(1352, 55, 7, 0, '2021-04-17 04:17:38', '2021-04-17 05:08:59', '1', 1, 'f'),
(1353, 154, 7, 0, '2021-04-17 04:38:04', '2021-04-17 05:29:07', '1', 1, 'f'),
(1354, 55, 7, 0, '2021-04-20 21:28:55', '2021-04-20 21:48:53', '1', 1, '1'),
(1355, 55, 7, 0, '2021-04-20 22:09:27', '2021-04-21 07:30:00', '1', 1, '1'),
(1356, 34, 5, 0, '2021-04-21 01:32:18', '2021-04-21 06:22:37', '1', 1, '1'),
(1357, 113, 7, 0, '2021-04-25 19:33:02', '2021-05-09 10:15:36', 'h', 0, 'h'),
(1358, 9, 7, 0, '2021-05-06 09:17:34', '2021-05-06 10:15:15', 'Завис PTX после перепрошивки', 1, 'Рощупкин'),
(1359, 55, 7, 0, '2021-05-07 03:09:44', '2021-05-07 03:35:21', '1', 1, '1'),
(1360, 55, 7, 0, '2021-05-07 04:07:11', '2021-05-07 04:35:53', '1', 1, '1'),
(1361, 55, 7, 0, '2021-05-13 14:48:26', '2021-05-13 15:20:07', '1', 1, '1'),
(1362, 97, 7, 0, '2021-05-16 11:30:50', '2021-05-16 19:30:00', 'эксковатор в ремонте', 1, 'Ведерников'),
(1363, 47, 5, 0, '2021-05-17 12:06:04', '2021-05-17 12:15:19', '1', 1, '1'),
(1364, 47, 7, 0, '2021-05-17 12:15:39', '2021-05-17 19:30:00', '1\r\n', 1, '1'),
(1365, 117, 7, 0, '2021-05-21 08:21:00', '2021-05-21 08:24:29', '1', 1, '1'),
(1366, 117, 7, 0, '2021-05-21 08:34:36', '2021-05-21 10:10:20', '1', 1, '1'),
(1367, 117, 7, 0, '2021-05-21 10:22:00', '2021-09-14 15:15:58', '1', 0, '1'),
(1368, 113, 7, 0, '2021-05-26 21:20:36', '2021-05-27 07:30:00', '1', 1, '1'),
(1369, 113, 7, 0, '2021-05-27 08:23:52', '2021-05-27 08:38:56', '1', 1, '1'),
(1370, 113, 7, 0, '2021-05-27 08:43:51', '2021-05-27 09:10:23', 'fth', 1, '1'),
(1371, 113, 7, 0, '2021-05-27 09:14:21', '2021-05-27 09:37:40', '1', 1, '1'),
(1372, 113, 7, 0, '2021-05-27 09:46:35', '2021-05-27 12:18:52', '1', 1, '1'),
(1373, 79, 5, 0, '2021-06-04 04:41:07', '2021-06-04 18:19:41', '1', 1, '1'),
(1374, 47, 7, 0, '2021-06-06 08:36:55', '2021-06-06 18:00:38', '1', 1, '1'),
(1375, 186, 7, 0, '2021-06-17 12:51:03', '2021-06-17 19:36:10', 'Неисправен. Не отдает диспетчер', 1, 'Рощупкин А.В.'),
(1376, 150, 5, 0, '2021-06-27 21:11:48', '2021-06-28 06:45:58', '1', 1, '1'),
(1377, 54, 5, 0, '2021-07-05 21:54:03', '2021-07-06 09:28:38', '1', 1, '1'),
(1378, 47, 7, 0, '2021-07-15 23:14:17', '2021-07-16 18:04:45', 'cghj', 1, 'xfj'),
(1379, 113, 7, 0, '2021-07-22 12:32:54', '2021-07-22 14:37:49', 'Завис PTX', 1, 'Рощупкин'),
(1380, 46, 7, 0, '2021-07-28 06:52:28', '2021-07-28 09:16:49', '1', 1, '123'),
(1381, 47, 7, 0, '2021-07-29 06:29:39', '2021-08-20 11:15:06', '546', 1, 'jhg'),
(1382, 119, 7, 0, '2021-08-20 09:16:39', '2021-08-20 09:44:16', '1', 1, '1'),
(1383, 49, 7, 1, '2021-08-20 11:28:11', NULL, '1', 1, '1'),
(1384, 220, 5, 0, '2021-08-22 08:34:14', '2021-08-23 16:54:37', '45', 0, '1'),
(1385, 40, 7, 0, '2021-08-26 10:15:35', '2021-08-26 18:37:07', 'w', 1, 'w'),
(1386, 46, 7, 0, '2021-08-28 11:06:55', '2021-08-28 20:25:18', '1', 1, '1'),
(1387, 129, 7, 0, '2021-08-29 14:38:14', '2021-08-30 16:53:20', '1', 1, '1'),
(1388, 47, 7, 0, '2021-09-03 13:00:04', '2021-09-03 17:59:58', 'gt', 1, 'g'),
(1389, 55, 7, 0, '2021-09-09 22:56:55', '2021-09-10 06:57:56', 'kjbh', 1, 'mnb'),
(1390, 55, 7, 0, '2021-09-18 12:40:32', '2021-09-18 16:13:38', '1', 1, '1'),
(1391, 186, 5, 0, '2021-09-27 22:27:59', '2021-09-28 03:25:38', '1', 1, '1'),
(1392, 87, 7, 0, '2021-10-07 16:31:22', '2021-10-16 07:12:20', '1', 1, '1'),
(1393, 220, 5, 1, '2021-10-22 19:24:01', NULL, 'r', 0, 'f'),
(1394, 222, 5, 1, '2021-10-23 15:21:48', NULL, 'LTE - основной канал', 0, 'Зиновьев Е.М.'),
(1395, 149, 5, 1, '2021-10-23 15:22:20', NULL, 'LTE - основной канал', 0, 'Зиновьев Е.М.'),
(1396, 223, 5, 1, '2021-10-23 15:22:36', NULL, 'LTE - основной канал', 0, 'Зиновьев Е.М.'),
(1397, 47, 7, 1, '2021-10-27 19:07:39', NULL, 'Перегрузочный', 0, 'Зиновьев'),
(1398, 209, 17, 1, '2021-10-28 15:58:50', NULL, '1', 0, '11'),
(1399, 48, 7, 0, '2021-11-09 22:11:08', '2021-11-09 22:48:57', 'Работа ЭКГ на П/П №11', 1, '1'),
(1400, 141, 7, 1, '2021-11-23 19:56:13', NULL, '5', 0, '5'),
(1401, 139, 5, 0, '2021-11-23 23:08:28', '2021-11-25 10:24:34', '5', 1, '5'),
(1402, 46, 7, 1, '2021-12-02 00:29:13', NULL, 'h', 0, 'h'),
(1403, 154, 7, 0, '2021-12-05 15:13:58', '2021-12-05 19:25:01', 'Завис PTX', 1, 'Рощупкин'),
(1404, 55, 7, 0, '2021-12-07 08:38:13', '2021-12-07 08:52:47', '1', 1, '1'),
(1405, 131, 7, 0, '2021-12-08 20:21:10', '2021-12-09 14:35:49', '1', 1, '1'),
(1406, 55, 7, 0, '2021-12-11 18:26:29', '2021-12-11 18:28:37', '1', 1, '1');

--
-- Дамп данных таблицы `kobus_current_breaks`
--

INSERT INTO `kobus_current_breaks` (`breakId`) VALUES
(1263903),
(1316975),
(1446417),
(1460890),
(1495832),
(1507689),
(1531244),
(1532174),
(1535189),
(1535202),
(1535204);

--
-- Дамп данных таблицы `kobus_export`
--

INSERT INTO `kobus_export` (`created`, `LastBreakageHistoryID`) VALUES
('2020-04-01 13:18:06', 1535204);

--
-- Дамп данных таблицы `kobus_pribors`
--

INSERT INTO `kobus_pribors` (`id_equipment`, `pribor_id_kobus`, `last_gps_writed`) VALUES
(162, 201, '2021-12-14 16:39:10'),
(163, 202, '2021-12-14 16:38:28'),
(165, 96, '2021-12-09 05:23:24'),
(166, 97, '2021-12-14 16:38:43'),
(167, 98, '2021-08-31 20:16:07'),
(168, 99, '2021-12-14 16:38:45'),
(169, 100, '2021-12-14 16:39:10'),
(170, 102, '2021-11-08 22:00:03'),
(171, 103, '2021-12-14 16:37:26'),
(172, 105, '2021-12-14 16:39:13'),
(173, 106, '2021-12-14 16:39:29'),
(174, 107, '2021-12-14 16:38:09'),
(175, 108, '2021-11-15 13:55:31'),
(176, 109, '2021-12-14 16:37:55'),
(177, 111, '2021-12-14 16:39:14'),
(178, 131, '2021-12-13 14:19:24'),
(179, 132, '2021-12-14 12:44:12'),
(180, 133, '2021-12-14 10:12:19'),
(181, 134, '2021-12-14 10:56:42'),
(182, 135, '2021-12-10 10:02:57'),
(214, 204, '2021-12-14 16:39:19');

--
-- Дамп данных таблицы `log_analize_wifi_by_equip`
--

INSERT INTO `log_analize_wifi_by_equip` (`id`, `date`) VALUES
(1, '2015-07-17'),
(3, '2015-07-18'),
(5, '2015-07-19'),
(7, '2015-07-20'),
(9, '2015-07-21'),
(11, '2015-07-22'),
(13, '2015-07-23'),
(15, '2015-07-24'),
(17, '2015-07-25'),
(19, '2015-07-26'),
(21, '2015-07-27'),
(23, '2015-07-28'),
(25, '2015-07-29'),
(27, '2015-07-30'),
(29, '2015-07-31'),
(31, '2015-08-01'),
(33, '2015-08-02'),
(35, '2015-08-03'),
(37, '2015-08-04'),
(39, '2015-08-05'),
(41, '2015-08-06'),
(43, '2015-08-07'),
(45, '2015-08-08'),
(47, '2015-08-09'),
(49, '2015-08-10'),
(51, '2015-08-11'),
(53, '2015-08-12'),
(55, '2015-08-13'),
(57, '2015-08-14'),
(59, '2015-08-15'),
(61, '2015-08-16'),
(63, '2015-08-17'),
(65, '2015-08-18'),
(67, '2015-08-19'),
(69, '2015-08-20'),
(71, '2015-08-21'),
(73, '2015-08-22'),
(75, '2015-08-23'),
(77, '2015-08-24'),
(79, '2015-08-25'),
(81, '2015-08-26'),
(83, '2015-08-27'),
(85, '2015-08-28'),
(87, '2015-08-29'),
(89, '2015-08-30'),
(91, '2015-08-31'),
(93, '2015-09-01'),
(95, '2015-09-02'),
(97, '2015-09-03'),
(99, '2015-09-04'),
(101, '2015-09-05'),
(103, '2015-09-06'),
(105, '2015-09-07'),
(107, '2015-09-08'),
(109, '2015-09-09'),
(111, '2015-09-10'),
(113, '2015-09-11'),
(115, '2015-09-12'),
(117, '2015-09-13'),
(119, '2015-09-14'),
(121, '2015-09-15'),
(123, '2015-09-16'),
(125, '2015-09-17'),
(127, '2015-09-18'),
(129, '2015-09-19'),
(131, '2015-09-20'),
(133, '2015-09-21'),
(135, '2015-09-22'),
(137, '2015-09-23'),
(139, '2015-09-24'),
(141, '2015-09-25'),
(143, '2015-09-26'),
(145, '2015-09-27'),
(147, '2015-09-28'),
(149, '2015-09-29'),
(151, '2015-09-30'),
(153, '2015-10-01'),
(155, '2015-10-02'),
(157, '2015-10-03'),
(159, '2015-10-04'),
(161, '2015-10-05'),
(163, '2015-10-06'),
(165, '2015-10-07'),
(167, '2015-10-08'),
(169, '2015-10-09'),
(171, '2015-10-10'),
(173, '2015-10-11'),
(175, '2015-10-12'),
(177, '2015-10-13'),
(179, '2015-10-14'),
(181, '2015-10-15'),
(183, '2015-10-16'),
(185, '2015-10-17'),
(187, '2015-10-18'),
(189, '2015-10-19'),
(191, '2015-10-20'),
(193, '2015-10-21'),
(195, '2015-10-22'),
(197, '2015-10-23'),
(199, '2015-10-24'),
(201, '2015-10-25'),
(203, '2015-10-26'),
(205, '2015-10-27'),
(207, '2015-10-28'),
(209, '2015-10-29'),
(211, '2015-10-30'),
(213, '2015-10-31'),
(215, '2015-11-01'),
(217, '2015-11-02'),
(219, '2015-11-03'),
(221, '2015-11-04'),
(223, '2015-11-05'),
(225, '2015-11-06'),
(227, '2015-11-07'),
(229, '2015-11-08'),
(231, '2015-11-09'),
(233, '2015-11-10'),
(235, '2015-11-11'),
(237, '2015-11-12'),
(239, '2015-11-13'),
(241, '2015-11-14'),
(243, '2015-11-15'),
(245, '2015-11-16'),
(247, '2015-11-17'),
(249, '2015-11-18'),
(251, '2015-11-19'),
(253, '2015-11-20'),
(255, '2015-11-21'),
(257, '2015-11-22'),
(259, '2015-11-23'),
(261, '2015-11-24'),
(263, '2015-11-25'),
(265, '2015-11-26'),
(267, '2015-11-27'),
(269, '2015-11-28'),
(271, '2015-11-29'),
(273, '2015-11-30'),
(275, '2015-12-01'),
(277, '2015-12-02'),
(279, '2015-12-03'),
(281, '2015-12-04'),
(283, '2015-12-05'),
(285, '2015-12-06'),
(287, '2015-12-07'),
(289, '2015-12-08'),
(291, '2015-12-09'),
(293, '2015-12-10'),
(295, '2015-12-11'),
(297, '2015-12-12'),
(299, '2015-12-13'),
(301, '2015-12-14'),
(303, '2015-12-15'),
(305, '2015-12-16'),
(307, '2015-12-17'),
(309, '2015-12-18'),
(311, '2015-12-19'),
(313, '2015-12-20'),
(315, '2015-12-21'),
(317, '2015-12-22'),
(319, '2015-12-23'),
(321, '2015-12-24'),
(323, '2015-12-25'),
(325, '2015-12-26'),
(327, '2015-12-27'),
(329, '2015-12-28'),
(331, '2015-12-29'),
(333, '2015-12-30'),
(335, '2015-12-31'),
(337, '2016-01-01'),
(339, '2016-01-02'),
(341, '2016-01-03'),
(343, '2016-01-04'),
(345, '2016-01-05'),
(347, '2016-01-06'),
(349, '2016-01-07'),
(351, '2016-01-08'),
(353, '2016-01-09'),
(355, '2016-01-10'),
(357, '2016-01-11'),
(359, '2016-01-12'),
(361, '2016-01-13'),
(363, '2016-01-14'),
(365, '2016-01-15'),
(367, '2016-01-16'),
(369, '2016-01-17'),
(371, '2016-01-18'),
(373, '2016-01-19'),
(375, '2016-01-20'),
(377, '2016-01-21'),
(379, '2016-01-22'),
(381, '2016-01-23'),
(383, '2016-01-24'),
(385, '2016-01-25'),
(387, '2016-01-26'),
(389, '2016-01-27'),
(391, '2016-01-28'),
(393, '2016-01-29'),
(395, '2016-01-30'),
(397, '2016-01-31'),
(399, '2016-02-01'),
(401, '2016-02-02'),
(403, '2016-02-03'),
(405, '2016-02-04'),
(407, '2016-02-05'),
(409, '2016-02-06'),
(411, '2016-02-07'),
(413, '2016-02-08'),
(415, '2016-02-09'),
(417, '2016-02-10'),
(419, '2016-02-11'),
(421, '2016-02-12'),
(423, '2016-02-13'),
(425, '2016-02-14'),
(427, '2016-02-15'),
(429, '2016-02-16'),
(431, '2016-02-17'),
(433, '2016-02-18'),
(435, '2016-02-19'),
(437, '2016-02-20'),
(439, '2016-02-21'),
(441, '2016-02-22'),
(443, '2016-02-23'),
(445, '2016-02-24'),
(447, '2016-02-25'),
(449, '2016-02-26'),
(451, '2016-02-27'),
(453, '2016-02-28'),
(455, '2016-02-29'),
(457, '2016-03-01'),
(459, '2016-03-02'),
(461, '2016-03-03'),
(463, '2016-03-04'),
(465, '2016-03-05'),
(467, '2016-03-06'),
(469, '2016-03-07'),
(471, '2016-03-08'),
(473, '2016-03-09'),
(475, '2016-03-10'),
(477, '2016-03-11'),
(479, '2016-03-12'),
(481, '2016-03-13'),
(483, '2016-03-14'),
(485, '2016-03-15'),
(487, '2016-03-16'),
(489, '2016-03-17'),
(491, '2016-03-18'),
(493, '2016-03-19'),
(495, '2016-03-20'),
(497, '2016-03-21'),
(499, '2016-03-22'),
(501, '2016-03-23'),
(503, '2016-03-24'),
(505, '2016-03-25'),
(507, '2016-03-26'),
(509, '2016-03-27'),
(511, '2016-03-28'),
(513, '2016-03-29'),
(515, '2016-03-30'),
(517, '2016-03-31'),
(519, '2016-04-01'),
(521, '2016-04-02'),
(523, '2016-04-03'),
(525, '2016-04-04'),
(527, '2016-04-05'),
(529, '2016-04-06'),
(531, '2016-04-07'),
(533, '2016-04-08'),
(535, '2016-04-09'),
(537, '2016-04-10'),
(539, '2016-04-11'),
(541, '2016-04-12'),
(543, '2016-04-13'),
(545, '2016-04-14'),
(547, '2016-04-15'),
(549, '2016-04-16'),
(551, '2016-04-17'),
(553, '2016-04-18'),
(555, '2016-04-19'),
(557, '2016-04-20'),
(559, '2016-04-21'),
(561, '2016-04-22'),
(563, '2016-04-23'),
(565, '2016-04-24'),
(567, '2016-04-25'),
(569, '2016-04-26'),
(571, '2016-04-27'),
(573, '2016-04-28'),
(575, '2016-04-29'),
(577, '2016-04-30'),
(579, '2016-05-01'),
(581, '2016-05-02'),
(583, '2016-05-03'),
(585, '2016-05-04'),
(587, '2016-05-05'),
(589, '2016-05-06'),
(591, '2016-05-07'),
(593, '2016-05-08'),
(595, '2016-05-09'),
(597, '2016-05-10'),
(599, '2016-05-11'),
(601, '2016-05-12'),
(603, '2016-05-13'),
(605, '2016-05-14'),
(607, '2016-05-15'),
(609, '2016-05-16'),
(611, '2016-05-17'),
(613, '2016-05-18'),
(615, '2016-05-19'),
(617, '2016-05-20'),
(619, '2016-05-21'),
(621, '2016-05-22'),
(623, '2016-05-23'),
(625, '2016-05-24'),
(627, '2016-05-25'),
(629, '2016-05-26'),
(631, '2016-05-27'),
(633, '2016-05-28'),
(635, '2016-05-29'),
(637, '2016-05-30'),
(639, '2016-05-31'),
(641, '2016-06-01'),
(643, '2016-06-02'),
(645, '2016-06-03'),
(647, '2016-06-04'),
(649, '2016-06-05'),
(651, '2016-06-06'),
(653, '2016-06-07'),
(655, '2016-06-08'),
(657, '2016-06-09'),
(659, '2016-06-10'),
(661, '2016-06-11'),
(663, '2016-06-12'),
(665, '2016-06-13'),
(667, '2016-06-14'),
(669, '2016-06-15'),
(671, '2016-06-16'),
(673, '2016-06-17'),
(675, '2016-06-18'),
(677, '2016-06-19'),
(679, '2016-06-20'),
(681, '2016-06-21'),
(683, '2016-06-22'),
(685, '2016-06-23'),
(687, '2016-06-24'),
(689, '2016-06-25'),
(691, '2016-06-26'),
(693, '2016-06-27'),
(695, '2016-06-28'),
(697, '2016-06-29'),
(699, '2016-06-30'),
(701, '2016-07-01'),
(703, '2016-07-02'),
(705, '2016-07-03'),
(707, '2016-07-04'),
(709, '2016-07-05'),
(711, '2016-07-06'),
(713, '2016-07-07'),
(715, '2016-07-08'),
(717, '2016-07-09'),
(719, '2016-07-10'),
(721, '2016-07-11'),
(723, '2016-07-12'),
(725, '2016-07-13'),
(727, '2016-07-14'),
(729, '2016-07-15'),
(731, '2016-07-16'),
(733, '2016-07-17'),
(735, '2016-07-18'),
(737, '2016-07-19'),
(739, '2016-07-20'),
(741, '2016-07-21'),
(743, '2016-07-22'),
(745, '2016-07-23'),
(747, '2016-07-24'),
(749, '2016-07-25'),
(751, '2016-07-26'),
(753, '2016-07-27'),
(755, '2016-07-28'),
(757, '2016-07-29'),
(759, '2016-07-30'),
(761, '2016-07-31'),
(763, '2016-08-01'),
(765, '2016-08-02'),
(767, '2016-08-03'),
(769, '2016-08-04'),
(771, '2016-08-05'),
(773, '2016-08-06'),
(775, '2016-08-07'),
(777, '2016-08-08'),
(779, '2016-08-09'),
(781, '2016-08-10'),
(783, '2016-08-11'),
(785, '2016-08-12'),
(787, '2016-08-13'),
(789, '2016-08-14'),
(791, '2016-08-15'),
(793, '2016-08-16'),
(795, '2016-08-17'),
(797, '2016-08-18'),
(799, '2016-08-19'),
(801, '2016-08-20'),
(803, '2016-08-21'),
(805, '2016-08-22'),
(807, '2016-08-23'),
(809, '2016-08-24'),
(811, '2016-08-25'),
(813, '2016-08-26'),
(815, '2016-08-27'),
(817, '2016-08-28'),
(819, '2016-08-29'),
(821, '2016-08-30'),
(823, '2016-08-31'),
(825, '2016-09-01'),
(827, '2016-09-02'),
(829, '2016-09-03'),
(831, '2016-09-04'),
(833, '2016-09-05'),
(835, '2016-09-06'),
(837, '2016-09-07'),
(839, '2016-09-08'),
(841, '2016-09-09'),
(843, '2016-09-10'),
(845, '2016-09-11'),
(847, '2016-09-12'),
(849, '2016-09-13'),
(851, '2016-09-14'),
(853, '2016-09-15'),
(855, '2016-09-16'),
(857, '2016-09-17'),
(859, '2016-09-18'),
(861, '2016-09-19'),
(863, '2016-09-20'),
(865, '2016-09-21'),
(867, '2016-09-22'),
(869, '2016-09-23'),
(871, '2016-09-24'),
(873, '2016-09-25'),
(875, '2016-09-26'),
(877, '2016-09-27'),
(879, '2016-09-28'),
(881, '2016-09-29'),
(883, '2016-09-30'),
(885, '2016-10-01'),
(887, '2016-10-02'),
(889, '2016-10-03'),
(891, '2016-10-04'),
(893, '2016-10-05'),
(895, '2016-10-06'),
(897, '2016-10-07'),
(899, '2016-10-08'),
(901, '2016-10-09'),
(903, '2016-10-10'),
(905, '2016-10-11'),
(907, '2016-10-12'),
(909, '2016-10-13'),
(911, '2016-10-14'),
(913, '2016-10-15'),
(915, '2016-10-16'),
(917, '2016-10-17'),
(919, '2016-10-18'),
(921, '2016-10-19'),
(923, '2016-10-20'),
(925, '2016-10-21'),
(927, '2016-10-22'),
(929, '2016-10-23'),
(931, '2016-10-24'),
(933, '2016-10-25'),
(935, '2016-10-26'),
(937, '2016-10-27'),
(939, '2016-10-28'),
(941, '2016-10-29'),
(943, '2016-10-30'),
(945, '2016-10-31'),
(947, '2016-11-01'),
(949, '2016-11-02'),
(951, '2016-11-03'),
(953, '2016-11-04'),
(955, '2016-11-05'),
(957, '2016-11-06'),
(959, '2016-11-07'),
(961, '2016-11-08'),
(963, '2016-11-09'),
(965, '2016-11-10'),
(967, '2016-11-11'),
(969, '2016-11-12'),
(971, '2016-11-13'),
(973, '2016-11-14'),
(975, '2016-11-15'),
(977, '2016-11-16'),
(979, '2016-11-17'),
(981, '2016-11-18'),
(983, '2016-11-19'),
(985, '2016-11-20'),
(987, '2016-11-21'),
(989, '2016-11-22'),
(991, '2016-11-23'),
(993, '2016-11-24'),
(995, '2016-11-25'),
(997, '2016-11-26'),
(999, '2016-11-27'),
(1001, '2016-11-28'),
(1003, '2016-11-29'),
(1005, '2016-11-30'),
(1007, '2016-12-01'),
(1009, '2016-12-02'),
(1011, '2016-12-03'),
(1013, '2016-12-04'),
(1015, '2016-12-05'),
(1017, '2016-12-06'),
(1019, '2016-12-07'),
(1021, '2016-12-08'),
(1023, '2016-12-09'),
(1025, '2016-12-10'),
(1027, '2016-12-11'),
(1029, '2016-12-12'),
(1031, '2016-12-13'),
(1033, '2016-12-14'),
(1035, '2016-12-15'),
(1037, '2016-12-16'),
(1039, '2016-12-17'),
(1041, '2016-12-18'),
(1043, '2016-12-19'),
(1045, '2016-12-20'),
(1047, '2016-12-21'),
(1049, '2016-12-22'),
(1051, '2016-12-23'),
(1053, '2016-12-24'),
(1055, '2016-12-25'),
(1057, '2016-12-26'),
(1059, '2016-12-27'),
(1061, '2016-12-28'),
(1063, '2016-12-29'),
(1065, '2016-12-30'),
(1067, '2016-12-31'),
(1069, '2017-01-01'),
(1071, '2017-01-02'),
(1073, '2017-01-03'),
(1075, '2017-01-04'),
(1077, '2017-01-05'),
(1079, '2017-01-06'),
(1081, '2017-01-07'),
(1083, '2017-01-08'),
(1085, '2017-01-09'),
(1087, '2017-01-10'),
(1089, '2017-01-11'),
(1091, '2017-01-12'),
(1093, '2017-01-13'),
(1095, '2017-01-14'),
(1097, '2017-01-15'),
(1099, '2017-01-16'),
(1101, '2017-01-17'),
(1103, '2017-01-18'),
(1105, '2017-01-19'),
(1107, '2017-01-20'),
(1109, '2017-01-21'),
(1111, '2017-01-22'),
(1113, '2017-01-23'),
(1115, '2017-01-24'),
(1117, '2017-01-25'),
(1119, '2017-01-26'),
(1121, '2017-01-27'),
(1123, '2017-01-28'),
(1125, '2017-01-29'),
(1127, '2017-01-30'),
(1129, '2017-01-31'),
(1131, '2017-02-01'),
(1133, '2017-02-02'),
(1135, '2017-02-03'),
(1137, '2017-02-04'),
(1139, '2017-02-05'),
(1141, '2017-02-06'),
(1143, '2017-02-07'),
(1145, '2017-02-08'),
(1147, '2017-02-09'),
(1149, '2017-02-10'),
(1151, '2017-02-11'),
(1153, '2017-02-12'),
(1155, '2017-02-13'),
(1157, '2017-02-14'),
(1159, '2017-02-15'),
(1161, '2017-02-16'),
(1163, '2017-02-17'),
(1165, '2017-02-18'),
(1167, '2017-02-19'),
(1169, '2017-02-20'),
(1171, '2017-02-21'),
(1173, '2017-02-22'),
(1175, '2017-02-23'),
(1177, '2017-02-24'),
(1179, '2017-02-25'),
(1181, '2017-02-26'),
(1183, '2017-02-27'),
(1185, '2017-02-28'),
(1187, '2017-03-01'),
(1189, '2017-03-02'),
(1191, '2017-03-03'),
(1193, '2017-03-04'),
(1195, '2017-03-05'),
(1197, '2017-03-06'),
(1199, '2017-03-07'),
(1201, '2017-03-08'),
(1203, '2017-03-09'),
(1205, '2017-03-10'),
(1207, '2017-03-11'),
(1209, '2017-03-12'),
(1211, '2017-03-13'),
(1213, '2017-03-14'),
(1215, '2017-03-15'),
(1217, '2017-03-16'),
(1219, '2017-03-17'),
(1221, '2017-03-18'),
(1223, '2017-03-19'),
(1225, '2017-03-20'),
(1227, '2017-03-21'),
(1229, '2017-03-22'),
(1231, '2017-03-23'),
(1233, '2017-03-24'),
(1235, '2017-03-25'),
(1237, '2017-03-26'),
(1239, '2017-03-27'),
(1241, '2017-03-28'),
(1243, '2017-03-29'),
(1245, '2017-03-30'),
(1247, '2017-03-31'),
(1249, '2017-04-01'),
(1251, '2017-04-02'),
(1253, '2017-04-03'),
(1255, '2017-04-04'),
(1257, '2017-04-05'),
(1259, '2017-04-06'),
(1261, '2017-04-07'),
(1263, '2017-04-08'),
(1265, '2017-04-09'),
(1267, '2017-04-10'),
(1269, '2017-04-11'),
(1271, '2017-04-12'),
(1273, '2017-04-13'),
(1275, '2017-04-14'),
(1277, '2017-04-15'),
(1279, '2017-04-16'),
(1281, '2017-04-17'),
(1283, '2017-04-18'),
(1285, '2017-04-19'),
(1287, '2017-04-20'),
(1289, '2017-04-21'),
(1291, '2017-04-22'),
(1293, '2017-04-23'),
(1295, '2017-04-24'),
(1297, '2017-04-25'),
(1299, '2017-04-26'),
(1301, '2017-04-27'),
(1303, '2017-04-28'),
(1305, '2017-04-29'),
(1307, '2017-04-30'),
(1309, '2017-05-01'),
(1311, '2017-05-02'),
(1313, '2017-05-03'),
(1315, '2017-05-04'),
(1317, '2017-05-05'),
(1319, '2017-05-06'),
(1321, '2017-05-07'),
(1323, '2017-05-08'),
(1325, '2017-05-09'),
(1327, '2017-05-10'),
(1329, '2017-05-11'),
(1331, '2017-05-12'),
(1333, '2017-05-13'),
(1335, '2017-05-14'),
(1337, '2017-05-15'),
(1339, '2017-05-16'),
(1341, '2017-05-17'),
(1343, '2017-05-18'),
(1345, '2017-05-19'),
(1347, '2017-05-20'),
(1349, '2017-05-21'),
(1351, '2017-05-22'),
(1353, '2017-05-23'),
(1355, '2017-05-24'),
(1357, '2017-05-25'),
(1359, '2017-05-26'),
(1361, '2017-05-27'),
(1363, '2017-05-28'),
(1365, '2017-05-29'),
(1367, '2017-05-30'),
(1369, '2017-05-31'),
(1371, '2017-06-01'),
(1373, '2017-06-02'),
(1375, '2017-06-03'),
(1377, '2017-06-04'),
(1379, '2017-06-05'),
(1381, '2017-06-06'),
(1383, '2017-06-07'),
(1385, '2017-06-08'),
(1387, '2017-06-09'),
(1389, '2017-06-10'),
(1391, '2017-06-11'),
(1393, '2017-06-12'),
(1395, '2017-06-13'),
(1397, '2017-06-14'),
(1399, '2017-06-15'),
(1401, '2017-06-16'),
(1403, '2017-06-17'),
(1405, '2017-06-18'),
(1407, '2017-06-19'),
(1409, '2017-06-20'),
(1411, '2017-06-21'),
(1413, '2017-06-22'),
(1415, '2017-06-23'),
(1417, '2017-06-24'),
(1419, '2017-06-25'),
(1421, '2017-06-26'),
(1423, '2017-06-27'),
(1425, '2017-06-28'),
(1427, '2017-06-29'),
(1429, '2017-06-30'),
(1431, '2017-07-01'),
(1433, '2017-07-02'),
(1435, '2017-07-03'),
(1437, '2017-07-04'),
(1439, '2017-07-05'),
(1441, '2017-07-06'),
(1443, '2017-07-07'),
(1445, '2017-07-08'),
(1447, '2017-07-09'),
(1449, '2017-07-10'),
(1451, '2017-07-11'),
(1453, '2017-07-12'),
(1455, '2017-07-13'),
(1457, '2017-07-14'),
(1459, '2017-07-15'),
(1461, '2017-07-16'),
(1463, '2017-07-17'),
(1465, '2017-07-18'),
(1467, '2017-07-19'),
(1469, '2017-07-20'),
(1471, '2017-07-21'),
(1473, '2017-07-22'),
(1475, '2017-07-23'),
(1477, '2017-07-24'),
(1479, '2017-07-25'),
(1481, '2017-07-26'),
(1483, '2017-07-27'),
(1485, '2017-07-28'),
(1487, '2017-07-29'),
(1489, '2017-07-30'),
(1491, '2017-07-31'),
(1493, '2017-08-01'),
(1495, '2017-08-02'),
(1497, '2017-08-03'),
(1499, '2017-08-04'),
(1501, '2017-08-05'),
(1503, '2017-08-06'),
(1505, '2017-08-07'),
(1507, '2017-08-08'),
(1508, '2017-08-09'),
(1509, '2017-08-10'),
(1510, '2017-08-11'),
(1511, '2017-08-12'),
(1512, '2017-08-13'),
(1513, '2017-08-14'),
(1514, '2017-08-15'),
(1515, '2017-08-16'),
(1516, '2017-08-17'),
(1517, '2017-08-18'),
(1518, '2017-08-19'),
(1519, '2017-08-20'),
(1520, '2017-08-21'),
(1521, '2017-08-22'),
(1522, '2017-08-23'),
(1523, '2017-08-24'),
(1524, '2017-08-25'),
(1525, '2017-08-26'),
(1526, '2017-08-27'),
(1527, '2017-08-28'),
(1528, '2017-08-29'),
(1529, '2017-08-30'),
(1530, '2017-08-31'),
(1531, '2017-09-01'),
(1532, '2017-09-02'),
(1533, '2017-09-03'),
(1534, '2017-09-04'),
(1535, '2017-09-05'),
(1536, '2017-09-06'),
(1537, '2017-09-07'),
(1538, '2017-09-08'),
(1539, '2017-09-09'),
(1540, '2017-09-10'),
(1541, '2017-09-11'),
(1542, '2017-09-12'),
(1543, '2017-09-13'),
(1544, '2017-09-14'),
(1545, '2017-09-15'),
(1546, '2017-09-16'),
(1547, '2017-09-17'),
(1548, '2017-09-18'),
(1549, '2017-09-19'),
(1550, '2017-09-20'),
(1551, '2017-09-21'),
(1552, '2017-09-22'),
(1553, '2017-09-23'),
(1554, '2017-09-24'),
(1555, '2017-09-25'),
(1556, '2017-09-26'),
(1557, '2017-09-27'),
(1558, '2017-09-28'),
(1559, '2017-09-29'),
(1560, '2017-09-30'),
(1561, '2017-10-01'),
(1562, '2017-10-02'),
(1563, '2017-10-03'),
(1564, '2017-10-04'),
(1565, '2017-10-05'),
(1566, '2017-10-06'),
(1567, '2017-10-07'),
(1568, '2017-10-08'),
(1569, '2017-10-09'),
(1570, '2017-10-10'),
(1571, '2017-10-11'),
(1572, '2017-10-12'),
(1573, '2017-10-13'),
(1574, '2017-10-14'),
(1575, '2017-10-15'),
(1576, '2017-10-16'),
(1577, '2017-10-17'),
(1578, '2017-10-18'),
(1579, '2017-10-19'),
(1580, '2017-10-20'),
(1581, '2017-10-21'),
(1582, '2017-10-22'),
(1583, '2017-10-23'),
(1584, '2017-10-24'),
(1585, '2017-10-25'),
(1586, '2017-10-26'),
(1587, '2017-10-27'),
(1588, '2017-10-28'),
(1589, '2017-10-29'),
(1590, '2017-10-30'),
(1591, '2017-10-31'),
(1592, '2017-11-01'),
(1593, '2017-11-02'),
(1594, '2017-11-03'),
(1595, '2017-11-04'),
(1596, '2017-11-05'),
(1597, '2017-11-06'),
(1598, '2017-11-07'),
(1599, '2017-11-08'),
(1600, '2017-11-09'),
(1601, '2017-11-10'),
(1602, '2017-11-11'),
(1603, '2017-11-12'),
(1604, '2017-11-13'),
(1605, '2017-11-14'),
(1606, '2017-11-15'),
(1607, '2017-11-16'),
(1608, '2017-11-17'),
(1609, '2017-11-18'),
(1610, '2017-11-19'),
(1611, '2017-11-20'),
(1612, '2017-11-21'),
(1613, '2017-11-22'),
(1614, '2017-11-23'),
(1615, '2017-11-24'),
(1616, '2017-11-25'),
(1617, '2017-11-26'),
(1618, '2017-11-27'),
(1619, '2017-11-28'),
(1620, '2017-11-29'),
(1621, '2017-11-30'),
(1622, '2017-12-01'),
(1623, '2017-12-02'),
(1624, '2017-12-03'),
(1625, '2017-12-04'),
(1626, '2017-12-05'),
(1627, '2017-12-06'),
(1628, '2017-12-07'),
(1629, '2017-12-08'),
(1630, '2017-12-09'),
(1631, '2017-12-10'),
(1632, '2017-12-11'),
(1633, '2017-12-12'),
(1634, '2017-12-13'),
(1635, '2017-12-14'),
(1636, '2017-12-15'),
(1637, '2017-12-16'),
(1638, '2017-12-17'),
(1639, '2017-12-18'),
(1640, '2017-12-19'),
(1641, '2017-12-20'),
(1642, '2017-12-21'),
(1643, '2017-12-22'),
(1644, '2017-12-23'),
(1645, '2017-12-24'),
(1646, '2017-12-25'),
(1647, '2017-12-26'),
(1648, '2017-12-27'),
(1649, '2017-12-28'),
(1650, '2017-12-29'),
(1651, '2017-12-30'),
(1652, '2017-12-31'),
(1653, '2018-01-01'),
(1654, '2018-01-02'),
(1655, '2018-01-03'),
(1656, '2018-01-04'),
(1657, '2018-01-05'),
(1658, '2018-01-06'),
(1659, '2018-01-07'),
(1660, '2018-01-08'),
(1661, '2018-01-09'),
(1662, '2018-01-10'),
(1663, '2018-01-11'),
(1664, '2018-01-12'),
(1665, '2018-01-13'),
(1666, '2018-01-14'),
(1667, '2018-01-15'),
(1668, '2018-01-16'),
(1669, '2018-01-17'),
(1670, '2018-01-18'),
(1671, '2018-01-19'),
(1672, '2018-01-20'),
(1673, '2018-01-21'),
(1674, '2018-01-22'),
(1675, '2018-01-23'),
(1676, '2018-01-24'),
(1677, '2018-01-25'),
(1678, '2018-01-26'),
(1679, '2018-01-27'),
(1680, '2018-01-28'),
(1681, '2018-01-29'),
(1682, '2018-01-30'),
(1683, '2018-01-31'),
(1684, '2018-02-01'),
(1685, '2018-02-02'),
(1686, '2018-02-03'),
(1687, '2018-02-04'),
(1688, '2018-02-05'),
(1689, '2018-02-06'),
(1690, '2018-02-07'),
(1691, '2018-02-08'),
(1692, '2018-02-09'),
(1693, '2018-02-10'),
(1694, '2018-02-11'),
(1695, '2018-02-12'),
(1696, '2018-02-13'),
(1697, '2018-02-14'),
(1698, '2018-02-15'),
(1699, '2018-02-16'),
(1700, '2018-02-17'),
(1701, '2018-02-18'),
(1702, '2018-02-19'),
(1703, '2018-02-20'),
(1704, '2018-02-21'),
(1705, '2018-02-22'),
(1706, '2018-02-23'),
(1707, '2018-02-24'),
(1708, '2018-02-25'),
(1709, '2018-02-26'),
(1710, '2018-02-27'),
(1711, '2018-02-28'),
(1712, '2018-03-01'),
(1713, '2018-03-02'),
(1714, '2018-03-03'),
(1715, '2018-03-04'),
(1716, '2018-03-05'),
(1717, '2018-03-06'),
(1718, '2018-03-07'),
(1719, '2018-03-08'),
(1720, '2018-03-09'),
(1721, '2018-03-10'),
(1722, '2018-03-11'),
(1723, '2018-03-12'),
(1724, '2018-03-13'),
(1725, '2018-03-14'),
(1726, '2018-03-15'),
(1727, '2018-03-16'),
(1728, '2018-03-17'),
(1729, '2018-03-18'),
(1730, '2018-03-19'),
(1731, '2018-03-20'),
(1732, '2018-03-21'),
(1733, '2018-03-22'),
(1734, '2018-03-23'),
(1735, '2018-03-24'),
(1736, '2018-03-25'),
(1737, '2018-03-26'),
(1738, '2018-03-27'),
(1739, '2018-03-28'),
(1740, '2018-03-29'),
(1741, '2018-03-30'),
(1742, '2018-03-31'),
(1743, '2018-04-01'),
(1744, '2018-04-02'),
(1745, '2018-04-03'),
(1746, '2018-04-04'),
(1747, '2018-04-05'),
(1748, '2018-04-06'),
(1749, '2018-04-07'),
(1750, '2018-04-08'),
(1751, '2018-04-09'),
(1752, '2018-04-27'),
(1753, '2018-04-28'),
(1754, '2018-04-29'),
(1755, '2018-04-30'),
(1756, '2018-05-01'),
(1757, '2018-05-02'),
(1758, '2018-05-03'),
(1759, '2018-05-04'),
(1760, '2018-05-05'),
(1782, '2018-05-06'),
(1761, '2018-05-07'),
(1762, '2018-05-08'),
(1763, '2018-05-09'),
(1764, '2018-05-10'),
(1765, '2018-05-11'),
(1766, '2018-05-12'),
(1767, '2018-05-13'),
(1768, '2018-05-14'),
(1769, '2018-05-15'),
(1770, '2018-05-16'),
(1771, '2018-05-17'),
(1772, '2018-05-18'),
(1773, '2018-05-19'),
(1774, '2018-05-20'),
(1775, '2018-05-21'),
(1776, '2018-05-22'),
(1777, '2018-05-23'),
(1778, '2018-05-24'),
(1779, '2018-05-25'),
(1780, '2018-05-26'),
(1781, '2018-05-27'),
(1783, '2018-05-28'),
(1784, '2018-05-29'),
(1785, '2018-05-30'),
(1786, '2018-05-31'),
(1787, '2018-06-01'),
(1788, '2018-06-02'),
(1789, '2018-06-03'),
(1790, '2018-06-04'),
(1791, '2018-06-05'),
(1792, '2018-06-06'),
(1793, '2018-06-07'),
(1794, '2018-06-08'),
(1795, '2018-06-09'),
(1796, '2018-06-10'),
(1797, '2018-06-11'),
(1798, '2018-06-12'),
(1799, '2018-06-13'),
(1800, '2018-06-14'),
(1801, '2018-06-15'),
(1802, '2018-06-16'),
(1803, '2018-06-17'),
(1804, '2018-06-18'),
(1805, '2018-06-19'),
(1806, '2018-06-20'),
(1807, '2018-06-21'),
(1808, '2018-06-22'),
(1809, '2018-06-23'),
(1810, '2018-06-24'),
(1811, '2018-06-25'),
(1812, '2018-06-26'),
(1813, '2018-06-27'),
(1822, '2018-06-28'),
(1823, '2018-06-29'),
(1824, '2018-06-30'),
(1825, '2018-07-01'),
(1814, '2018-07-02'),
(1815, '2018-07-03'),
(1816, '2018-07-04'),
(1817, '2018-07-05'),
(1818, '2018-07-06'),
(1819, '2018-07-07'),
(1820, '2018-07-08'),
(1821, '2018-07-09'),
(1826, '2018-07-10'),
(1827, '2018-07-11'),
(1828, '2018-07-12'),
(1829, '2018-07-13'),
(1830, '2018-07-14'),
(1831, '2018-07-15'),
(1832, '2018-07-16'),
(1833, '2018-07-17'),
(1834, '2018-07-18'),
(1835, '2018-07-19'),
(1836, '2018-07-20'),
(1837, '2018-07-21'),
(1838, '2018-07-22'),
(1839, '2018-07-23'),
(1840, '2018-07-24'),
(1841, '2018-07-25'),
(1842, '2018-07-26'),
(1843, '2018-07-27'),
(1844, '2018-07-28'),
(1845, '2018-07-29'),
(1846, '2018-07-30'),
(1847, '2018-07-31'),
(1848, '2018-08-01'),
(1849, '2018-08-02'),
(1850, '2018-08-03'),
(1851, '2018-08-04'),
(1852, '2018-08-05'),
(1853, '2018-08-06'),
(1854, '2018-08-07'),
(1855, '2018-08-08'),
(1856, '2018-08-09'),
(1857, '2018-08-10'),
(1858, '2018-08-11'),
(1859, '2018-08-12'),
(1860, '2018-08-13'),
(1861, '2018-08-14'),
(1862, '2018-08-15'),
(1863, '2018-08-16'),
(1864, '2018-08-17'),
(1865, '2018-08-18'),
(1866, '2018-08-19'),
(1867, '2018-08-20'),
(1868, '2018-08-21'),
(1869, '2018-08-22'),
(1870, '2018-08-23'),
(1871, '2018-08-24'),
(1872, '2018-08-25'),
(1873, '2018-08-26'),
(1874, '2018-08-27'),
(1875, '2018-08-28'),
(1876, '2018-08-29'),
(1877, '2018-08-30'),
(1878, '2018-08-31'),
(1879, '2018-09-01'),
(1880, '2018-09-02'),
(1881, '2018-09-03'),
(1882, '2018-09-04'),
(1883, '2018-09-05'),
(1884, '2018-09-06'),
(1885, '2018-09-07'),
(1886, '2018-09-08'),
(1887, '2018-09-09'),
(1888, '2018-09-10'),
(1889, '2018-09-11'),
(1890, '2018-09-12'),
(1891, '2018-09-13'),
(1892, '2018-09-14'),
(1893, '2018-09-15'),
(1894, '2018-09-16'),
(1895, '2018-09-17'),
(1896, '2018-09-18'),
(1897, '2018-09-19'),
(1898, '2018-09-20'),
(1899, '2018-09-21'),
(1900, '2018-09-22'),
(1901, '2018-09-23'),
(1902, '2018-09-24'),
(1903, '2018-09-25'),
(1904, '2018-09-26'),
(1905, '2018-09-27'),
(1906, '2018-09-28'),
(1907, '2018-09-29'),
(1908, '2018-09-30'),
(1909, '2018-10-01'),
(1910, '2018-10-02'),
(1911, '2018-10-03'),
(1912, '2018-10-04'),
(1913, '2018-10-05'),
(1914, '2018-10-06'),
(1915, '2018-10-07'),
(1916, '2018-10-08'),
(1917, '2018-10-09'),
(1918, '2018-10-10'),
(1919, '2018-10-11'),
(1920, '2018-10-12'),
(1921, '2018-10-13'),
(1922, '2018-10-14'),
(1923, '2018-10-15'),
(1924, '2018-10-16'),
(1925, '2018-10-17'),
(1926, '2018-10-18'),
(1927, '2018-10-19'),
(1928, '2018-10-20'),
(1929, '2018-10-21'),
(1930, '2018-10-22'),
(1931, '2018-10-23'),
(1932, '2018-10-24'),
(1933, '2018-10-25'),
(1934, '2018-10-26'),
(1935, '2018-10-27'),
(1936, '2018-10-28'),
(1937, '2018-10-29'),
(1938, '2018-10-30'),
(1939, '2018-10-31'),
(1940, '2018-11-01'),
(1941, '2018-11-02'),
(1942, '2018-11-03'),
(1943, '2018-11-04'),
(1944, '2018-11-05'),
(1945, '2018-11-06'),
(1946, '2018-11-07'),
(1947, '2018-11-08'),
(1948, '2018-11-09'),
(1949, '2018-11-10'),
(1950, '2018-11-11'),
(1951, '2018-11-12'),
(1952, '2018-11-13'),
(1953, '2018-11-14'),
(1954, '2018-11-15'),
(1955, '2018-11-16'),
(1956, '2018-11-17'),
(1957, '2018-11-18'),
(1958, '2018-11-19'),
(1959, '2018-11-20'),
(1960, '2018-11-21'),
(1961, '2018-11-22'),
(1962, '2018-11-23'),
(1963, '2018-11-24'),
(1964, '2018-11-25'),
(1965, '2018-11-26'),
(1966, '2018-11-27'),
(1967, '2018-11-28'),
(1968, '2018-11-29'),
(1969, '2018-11-30'),
(1970, '2018-12-01'),
(1971, '2018-12-02'),
(1972, '2018-12-03'),
(1973, '2018-12-04'),
(1974, '2018-12-05'),
(1975, '2018-12-06'),
(1976, '2018-12-07'),
(1977, '2018-12-08'),
(1978, '2018-12-09'),
(1979, '2018-12-10'),
(1980, '2018-12-11'),
(1981, '2018-12-12'),
(1982, '2018-12-13'),
(1983, '2018-12-14'),
(1984, '2018-12-15'),
(1985, '2018-12-16'),
(1986, '2018-12-17'),
(1987, '2018-12-18'),
(1988, '2018-12-19'),
(1989, '2018-12-20'),
(1990, '2018-12-21'),
(1991, '2018-12-22'),
(1992, '2018-12-23'),
(1993, '2018-12-24'),
(1994, '2018-12-25'),
(1995, '2018-12-26'),
(1996, '2018-12-27'),
(1997, '2018-12-28'),
(1998, '2018-12-29'),
(1999, '2018-12-30'),
(2000, '2018-12-31'),
(2001, '2019-01-01'),
(2002, '2019-01-02'),
(2003, '2019-01-03'),
(2004, '2019-01-04'),
(2005, '2019-01-05'),
(2006, '2019-01-06'),
(2007, '2019-01-07'),
(2008, '2019-01-08'),
(2009, '2019-01-09'),
(2010, '2019-01-10'),
(2011, '2019-01-11'),
(2012, '2019-01-12'),
(2013, '2019-01-13'),
(2014, '2019-01-14'),
(2015, '2019-01-15'),
(2016, '2019-01-16'),
(2017, '2019-01-17'),
(2018, '2019-01-18'),
(2019, '2019-01-19'),
(2020, '2019-01-20'),
(2021, '2019-01-21'),
(2022, '2019-01-22'),
(2023, '2019-01-23'),
(2024, '2019-01-24'),
(2025, '2019-01-25'),
(2026, '2019-01-26'),
(2027, '2019-01-27'),
(2028, '2019-01-28'),
(2029, '2019-01-29'),
(2030, '2019-01-30'),
(2031, '2019-01-31'),
(2032, '2019-02-01'),
(2033, '2019-02-02'),
(2034, '2019-02-03'),
(2035, '2019-02-04'),
(2036, '2019-02-05'),
(2037, '2019-02-06'),
(2038, '2019-02-07'),
(2039, '2019-02-08'),
(2040, '2019-02-09'),
(2041, '2019-02-10'),
(2042, '2019-02-11'),
(2043, '2019-02-12'),
(2044, '2019-02-13'),
(2045, '2019-02-14'),
(2046, '2019-02-15'),
(2047, '2019-02-16'),
(2048, '2019-02-17'),
(2049, '2019-02-18'),
(2050, '2019-02-19'),
(2051, '2019-02-20'),
(2052, '2019-02-21'),
(2053, '2019-02-22'),
(2054, '2019-02-23'),
(2055, '2019-02-24'),
(2056, '2019-02-25'),
(2057, '2019-02-26'),
(2058, '2019-02-27'),
(2059, '2019-02-28'),
(2060, '2019-03-01'),
(2061, '2019-03-02'),
(2062, '2019-03-03'),
(2063, '2019-03-04'),
(2064, '2019-03-05'),
(2065, '2019-03-06'),
(2066, '2019-03-07'),
(2067, '2019-03-08'),
(2068, '2019-03-09'),
(2069, '2019-03-10'),
(2070, '2019-03-11'),
(2071, '2019-03-12'),
(2072, '2019-03-13'),
(2073, '2019-03-14'),
(2074, '2019-03-15'),
(2075, '2019-03-16'),
(2076, '2019-03-17'),
(2077, '2019-03-18'),
(2078, '2019-03-19'),
(2079, '2019-03-20'),
(2080, '2019-03-21'),
(2081, '2019-03-22'),
(2082, '2019-03-23'),
(2083, '2019-03-24'),
(2084, '2019-03-25'),
(2085, '2019-03-26'),
(2086, '2019-03-27'),
(2087, '2019-03-28'),
(2088, '2019-03-29'),
(2089, '2019-03-30'),
(2090, '2019-03-31'),
(2091, '2019-04-01'),
(2092, '2019-04-02'),
(2093, '2019-04-03'),
(2094, '2019-04-04'),
(2095, '2019-04-05'),
(2096, '2019-04-06'),
(2097, '2019-04-07'),
(2098, '2019-04-08'),
(2099, '2019-04-09'),
(2100, '2019-04-10'),
(2101, '2019-04-11'),
(2102, '2019-04-12'),
(2103, '2019-04-13'),
(2104, '2019-04-14'),
(2105, '2019-04-15'),
(2106, '2019-04-16'),
(2107, '2019-04-17'),
(2108, '2019-04-18'),
(2109, '2019-04-19'),
(2110, '2019-04-20'),
(2111, '2019-04-21'),
(2112, '2019-04-22'),
(2113, '2019-04-23'),
(2114, '2019-04-24'),
(2115, '2019-04-25'),
(2116, '2019-04-26'),
(2117, '2019-04-27'),
(2118, '2019-04-28'),
(2119, '2019-04-29'),
(2120, '2019-04-30'),
(2121, '2019-05-01'),
(2122, '2019-05-02'),
(2123, '2019-05-03'),
(2124, '2019-05-04'),
(2125, '2019-05-05'),
(2126, '2019-05-06'),
(2127, '2019-05-07'),
(2128, '2019-05-08'),
(2129, '2019-05-09'),
(2130, '2019-05-10'),
(2131, '2019-05-11'),
(2132, '2019-05-12'),
(2133, '2019-05-13'),
(2134, '2019-05-14'),
(2135, '2019-05-15'),
(2136, '2019-05-16'),
(2137, '2019-05-17'),
(2138, '2019-05-18'),
(2139, '2019-05-19'),
(2140, '2019-05-20'),
(2141, '2019-05-21'),
(2142, '2019-05-22'),
(2143, '2019-05-23'),
(2144, '2019-05-24'),
(2145, '2019-05-25'),
(2146, '2019-05-26'),
(2147, '2019-05-27'),
(2148, '2019-05-28'),
(2149, '2019-05-29'),
(2150, '2019-05-30'),
(2151, '2019-05-31'),
(2152, '2019-06-01'),
(2153, '2019-06-02'),
(2154, '2019-06-03'),
(2155, '2019-06-04'),
(2156, '2019-06-05'),
(2157, '2019-06-06'),
(2158, '2019-06-07'),
(2159, '2019-06-08'),
(2160, '2019-06-09'),
(2161, '2019-06-10'),
(2162, '2019-06-11'),
(2163, '2019-06-12'),
(2164, '2019-06-13'),
(2165, '2019-06-14'),
(2166, '2019-06-15'),
(2167, '2019-06-16'),
(2168, '2019-06-17'),
(2169, '2019-06-18'),
(2170, '2019-06-19'),
(2171, '2019-06-20'),
(2172, '2019-06-21'),
(2173, '2019-06-22'),
(2174, '2019-06-23'),
(2175, '2019-06-24'),
(2176, '2019-06-25'),
(2177, '2019-06-26'),
(2178, '2019-06-27'),
(2179, '2019-06-28'),
(2180, '2019-06-29'),
(2181, '2019-06-30'),
(2182, '2019-07-01'),
(2183, '2019-07-02'),
(2184, '2019-07-03'),
(2185, '2019-07-04'),
(2186, '2019-07-05'),
(2187, '2019-07-06'),
(2188, '2019-07-07'),
(2189, '2019-07-08'),
(2190, '2019-07-09'),
(2191, '2019-07-10'),
(2192, '2019-07-11'),
(2193, '2019-07-12'),
(2194, '2019-07-13'),
(2195, '2019-07-14'),
(2196, '2019-07-15'),
(2197, '2019-07-16'),
(2198, '2019-07-17'),
(2199, '2019-07-18'),
(2200, '2019-07-19'),
(2201, '2019-07-20'),
(2202, '2019-07-21'),
(2203, '2019-07-22'),
(2204, '2019-07-23'),
(2205, '2019-07-24'),
(2206, '2019-07-25'),
(2207, '2019-07-26'),
(2208, '2019-07-27'),
(2209, '2019-07-28'),
(2210, '2019-07-29'),
(2211, '2019-07-30'),
(2212, '2019-07-31'),
(2213, '2019-08-01'),
(2214, '2019-08-02'),
(2215, '2019-08-03'),
(2216, '2019-08-04'),
(2217, '2019-08-05'),
(2218, '2019-08-06'),
(2219, '2019-08-07'),
(2220, '2019-08-08'),
(2221, '2019-08-09'),
(2222, '2019-08-10'),
(2223, '2019-08-11'),
(2224, '2019-08-12'),
(2225, '2019-08-13'),
(2226, '2019-08-14'),
(2227, '2019-08-15'),
(2228, '2019-08-16'),
(2229, '2019-08-17'),
(2230, '2019-08-18'),
(2231, '2019-08-19'),
(2232, '2019-08-20'),
(2233, '2019-08-21'),
(2234, '2019-08-22'),
(2235, '2019-08-23'),
(2236, '2019-08-24'),
(2237, '2019-08-25'),
(2238, '2019-08-26'),
(2239, '2019-08-27'),
(2240, '2019-08-28'),
(2241, '2019-08-29'),
(2242, '2019-08-30'),
(2243, '2019-08-31'),
(2244, '2019-09-01'),
(2245, '2019-09-02'),
(2246, '2019-09-03'),
(2247, '2019-09-04'),
(2248, '2019-09-05'),
(2249, '2019-09-06'),
(2250, '2019-09-07'),
(2251, '2019-09-08'),
(2252, '2019-09-09'),
(2253, '2019-09-10'),
(2254, '2019-09-11'),
(2255, '2019-09-12'),
(2256, '2019-09-13'),
(2257, '2019-09-14'),
(2258, '2019-09-15'),
(2259, '2019-09-16'),
(2260, '2019-09-17'),
(2261, '2019-09-18'),
(2262, '2019-09-19'),
(2263, '2019-09-20'),
(2264, '2019-09-21'),
(2265, '2019-09-22'),
(2266, '2019-09-23'),
(2267, '2019-09-24'),
(2268, '2019-09-25'),
(2269, '2019-09-26'),
(2270, '2019-09-27'),
(2271, '2019-09-28'),
(2272, '2019-09-29'),
(2273, '2019-09-30'),
(2274, '2019-10-01'),
(2275, '2019-10-02'),
(2276, '2019-10-03'),
(2277, '2019-10-04'),
(2278, '2019-10-05'),
(2279, '2019-10-06'),
(2280, '2019-10-07'),
(2281, '2019-10-08'),
(2282, '2019-10-09'),
(2283, '2019-10-10'),
(2284, '2019-10-11'),
(2285, '2019-10-12'),
(2286, '2019-10-13'),
(2287, '2019-10-14'),
(2288, '2019-10-15'),
(2289, '2019-10-16'),
(2290, '2019-10-17'),
(2291, '2019-10-18'),
(2292, '2019-10-19'),
(2293, '2019-10-20'),
(2294, '2019-10-21'),
(2295, '2019-10-22'),
(2296, '2019-10-23'),
(2297, '2019-10-24'),
(2298, '2019-10-25'),
(2299, '2019-10-26'),
(2300, '2019-10-27'),
(2301, '2019-10-28'),
(2302, '2019-10-29'),
(2303, '2019-10-30'),
(2304, '2019-10-31'),
(2305, '2019-11-01'),
(2306, '2019-11-02'),
(2307, '2019-11-03'),
(2308, '2019-11-04'),
(2309, '2019-11-05'),
(2310, '2019-11-06'),
(2311, '2019-11-07'),
(2312, '2019-11-08'),
(2313, '2019-11-09'),
(2314, '2019-11-10'),
(2315, '2019-11-11'),
(2316, '2019-11-12'),
(2317, '2019-11-13'),
(2318, '2019-11-14'),
(2319, '2019-11-15'),
(2320, '2019-11-16'),
(2321, '2019-11-17'),
(2322, '2019-11-18'),
(2323, '2019-11-19'),
(2324, '2019-11-20'),
(2325, '2019-11-21'),
(2326, '2019-11-22'),
(2327, '2019-11-23'),
(2328, '2019-11-24'),
(2329, '2019-11-25'),
(2330, '2019-11-26'),
(2331, '2019-11-27'),
(2332, '2019-11-28'),
(2333, '2019-11-29'),
(2334, '2019-11-30'),
(2335, '2019-12-01'),
(2336, '2019-12-02'),
(2337, '2019-12-03'),
(2338, '2019-12-04'),
(2339, '2019-12-05'),
(2340, '2019-12-06'),
(2341, '2019-12-07'),
(2342, '2019-12-08'),
(2343, '2019-12-09'),
(2344, '2019-12-10'),
(2345, '2019-12-11'),
(2346, '2019-12-12'),
(2347, '2019-12-13'),
(2348, '2019-12-14'),
(2349, '2019-12-15'),
(2350, '2019-12-16'),
(2351, '2019-12-17'),
(2352, '2019-12-18'),
(2353, '2019-12-19'),
(2354, '2019-12-20'),
(2355, '2019-12-21'),
(2356, '2019-12-22'),
(2357, '2019-12-23'),
(2358, '2019-12-24'),
(2359, '2019-12-25'),
(2360, '2019-12-26'),
(2361, '2019-12-27'),
(2362, '2019-12-28'),
(2363, '2019-12-29'),
(2364, '2019-12-30'),
(2365, '2019-12-31'),
(2366, '2020-01-01'),
(2367, '2020-01-02'),
(2368, '2020-01-03'),
(2369, '2020-01-04'),
(2370, '2020-01-05'),
(2371, '2020-01-06'),
(2372, '2020-01-07'),
(2373, '2020-01-08'),
(2374, '2020-01-09'),
(2375, '2020-01-10'),
(2376, '2020-01-11'),
(2377, '2020-01-12'),
(2378, '2020-01-13'),
(2379, '2020-01-14'),
(2380, '2020-01-15'),
(2381, '2020-01-16'),
(2382, '2020-01-17'),
(2383, '2020-01-18'),
(2384, '2020-01-19'),
(2385, '2020-01-20'),
(2386, '2020-01-21'),
(2387, '2020-01-22'),
(2388, '2020-01-23'),
(2389, '2020-01-24'),
(2390, '2020-01-25'),
(2391, '2020-01-26'),
(2392, '2020-01-27'),
(2393, '2020-01-28'),
(2394, '2020-01-29'),
(2395, '2020-01-30'),
(2396, '2020-01-31'),
(2397, '2020-02-01'),
(2398, '2020-02-02'),
(2399, '2020-02-03'),
(2400, '2020-02-04'),
(2401, '2020-02-05'),
(2402, '2020-02-06'),
(2403, '2020-02-07'),
(2404, '2020-02-08'),
(2405, '2020-02-09'),
(2406, '2020-02-10'),
(2407, '2020-02-11'),
(2408, '2020-02-12'),
(2409, '2020-02-13'),
(2410, '2020-02-14'),
(2411, '2020-02-15'),
(2412, '2020-02-16'),
(2413, '2020-02-17'),
(2414, '2020-02-18'),
(2415, '2020-02-19'),
(2416, '2020-02-20'),
(2417, '2020-02-21'),
(2418, '2020-02-22'),
(2419, '2020-02-23'),
(2420, '2020-02-24'),
(2421, '2020-02-25'),
(2422, '2020-02-26'),
(2423, '2020-02-27'),
(2424, '2020-02-28'),
(2425, '2020-02-29'),
(2426, '2020-03-01'),
(2427, '2020-03-02'),
(2428, '2020-03-03'),
(2429, '2020-03-04'),
(2430, '2020-03-05'),
(2431, '2020-03-06'),
(2432, '2020-03-07'),
(2433, '2020-03-08'),
(2434, '2020-03-09'),
(2435, '2020-03-10'),
(2436, '2020-03-11'),
(2437, '2020-03-12'),
(2438, '2020-03-13'),
(2439, '2020-03-14'),
(2440, '2020-03-15'),
(2441, '2020-03-16'),
(2442, '2020-03-17'),
(2443, '2020-03-18'),
(2444, '2020-03-19'),
(2445, '2020-03-20'),
(2446, '2020-03-21'),
(2447, '2020-03-22'),
(2448, '2020-03-23'),
(2449, '2020-03-24'),
(2450, '2020-03-25'),
(2451, '2020-03-26'),
(2452, '2020-03-27'),
(2453, '2020-03-28'),
(2454, '2020-03-29'),
(2455, '2020-03-30'),
(2456, '2020-03-31'),
(2457, '2020-04-01'),
(2458, '2020-04-02'),
(2459, '2020-04-03'),
(2460, '2020-04-04'),
(2461, '2020-04-05'),
(2462, '2020-04-06'),
(2463, '2020-04-07'),
(2464, '2020-04-08'),
(2465, '2020-04-09'),
(2466, '2020-04-10'),
(2467, '2020-04-11'),
(2468, '2020-04-12'),
(2469, '2020-04-13'),
(2470, '2020-04-14'),
(2471, '2020-04-15'),
(2472, '2020-04-16'),
(2473, '2020-04-17'),
(2474, '2020-04-18'),
(2475, '2020-04-19'),
(2476, '2020-04-20'),
(2477, '2020-04-21'),
(2478, '2020-04-22'),
(2479, '2020-04-23'),
(2480, '2020-04-24'),
(2481, '2020-04-25'),
(2482, '2020-04-26'),
(2483, '2020-04-27'),
(2484, '2020-04-28'),
(2485, '2020-04-29'),
(2486, '2020-04-30'),
(2487, '2020-05-01'),
(2488, '2020-05-02'),
(2489, '2020-05-03'),
(2490, '2020-05-04'),
(2502, '2020-05-05'),
(2491, '2020-05-06'),
(2492, '2020-05-07'),
(2493, '2020-05-08'),
(2494, '2020-05-09'),
(2495, '2020-05-10'),
(2496, '2020-05-11'),
(2497, '2020-05-12'),
(2503, '2020-05-13'),
(2498, '2020-05-14'),
(2499, '2020-05-15'),
(2500, '2020-05-16'),
(2501, '2020-05-17'),
(2504, '2020-05-18'),
(2505, '2020-05-19'),
(2506, '2020-05-20'),
(2507, '2020-05-21'),
(2508, '2020-05-22'),
(2509, '2020-05-23'),
(2510, '2020-05-24'),
(2511, '2020-05-25'),
(2512, '2020-05-26'),
(2513, '2020-05-27'),
(2514, '2020-05-28'),
(2515, '2020-05-29'),
(2516, '2020-05-30'),
(2517, '2020-05-31'),
(2518, '2020-06-01'),
(2519, '2020-06-02'),
(2520, '2020-06-03'),
(2521, '2020-06-04'),
(2522, '2020-06-05'),
(2523, '2020-06-06'),
(2524, '2020-06-07'),
(2525, '2020-06-08'),
(2526, '2020-06-09'),
(2527, '2020-06-10'),
(2528, '2020-06-11'),
(2548, '2020-06-12'),
(2529, '2020-06-13'),
(2530, '2020-06-14'),
(2531, '2020-06-15'),
(2532, '2020-06-16'),
(2533, '2020-06-17'),
(2534, '2020-06-18'),
(2535, '2020-06-19'),
(2536, '2020-06-20'),
(2537, '2020-06-21'),
(2538, '2020-06-22'),
(2539, '2020-06-23'),
(2540, '2020-06-24'),
(2541, '2020-06-25'),
(2542, '2020-06-26'),
(2543, '2020-06-27'),
(2544, '2020-06-28'),
(2545, '2020-06-29'),
(2546, '2020-06-30'),
(2547, '2020-07-01'),
(2549, '2020-07-02'),
(2550, '2020-07-03'),
(2551, '2020-07-04'),
(2552, '2020-07-05'),
(2553, '2020-07-06'),
(2554, '2020-07-07'),
(2555, '2020-07-08'),
(2556, '2020-07-09'),
(2557, '2020-07-10'),
(2558, '2020-07-11'),
(2559, '2020-07-12'),
(2560, '2020-07-13'),
(2561, '2020-07-14'),
(2562, '2020-07-15'),
(2563, '2020-07-16'),
(2564, '2020-07-17'),
(2565, '2020-07-18'),
(2566, '2020-07-19'),
(2567, '2020-07-20'),
(2568, '2020-07-21'),
(2569, '2020-07-22'),
(2570, '2020-07-23'),
(2571, '2020-07-24'),
(2572, '2020-07-25'),
(2573, '2020-07-26'),
(2574, '2020-07-27'),
(2575, '2020-07-28'),
(2576, '2020-07-29'),
(2577, '2020-07-30'),
(2578, '2020-07-31'),
(2579, '2020-08-01'),
(2580, '2020-08-02'),
(2581, '2020-08-03'),
(2582, '2020-08-04'),
(2583, '2020-08-05'),
(2584, '2020-08-06'),
(2585, '2020-08-07'),
(2586, '2020-08-08'),
(2587, '2020-08-09'),
(2588, '2020-08-10'),
(2589, '2020-08-11'),
(2590, '2020-08-12'),
(2591, '2020-08-13'),
(2592, '2020-08-14'),
(2593, '2020-08-15'),
(2594, '2020-08-16'),
(2595, '2020-08-17'),
(2596, '2020-08-18'),
(2597, '2020-08-19'),
(2598, '2020-08-20'),
(2599, '2020-08-21'),
(2600, '2020-08-22'),
(2601, '2020-08-23'),
(2602, '2020-08-24'),
(2603, '2020-08-25'),
(2604, '2020-08-26'),
(2605, '2020-08-27'),
(2606, '2020-08-28'),
(2607, '2020-08-29'),
(2608, '2020-08-30'),
(2609, '2020-08-31'),
(2610, '2020-09-01'),
(2611, '2020-09-02'),
(2612, '2020-09-03'),
(2613, '2020-09-04'),
(2614, '2020-09-05'),
(2615, '2020-09-06'),
(2616, '2020-09-07'),
(2617, '2020-09-08'),
(2618, '2020-09-09'),
(2619, '2020-09-10'),
(2620, '2020-09-11'),
(2621, '2020-09-12'),
(2622, '2020-09-13'),
(2623, '2020-09-14'),
(2624, '2020-09-15'),
(2625, '2020-09-16'),
(2626, '2020-09-17'),
(2627, '2020-09-18'),
(2628, '2020-09-19'),
(2629, '2020-09-20'),
(2630, '2020-09-21'),
(2631, '2020-09-22'),
(2632, '2020-09-23'),
(2633, '2020-09-24'),
(2634, '2020-09-25'),
(2635, '2020-09-26'),
(2636, '2020-09-27'),
(2637, '2020-09-28'),
(2638, '2020-09-29'),
(2639, '2020-09-30'),
(2640, '2020-10-01'),
(2641, '2020-10-02'),
(2642, '2020-10-03'),
(2643, '2020-10-04'),
(2644, '2020-10-05'),
(2645, '2020-10-06'),
(2646, '2020-10-07'),
(2647, '2020-10-08'),
(2648, '2020-10-09'),
(2649, '2020-10-10'),
(2650, '2020-10-11'),
(2651, '2020-10-12'),
(2652, '2020-10-13'),
(2653, '2020-10-14'),
(2654, '2020-10-15'),
(2655, '2020-10-16'),
(2656, '2020-10-17'),
(2657, '2020-10-18'),
(2658, '2020-10-19'),
(2659, '2020-10-20'),
(2660, '2020-10-21'),
(2661, '2020-10-22'),
(2662, '2020-10-23'),
(2663, '2020-10-24'),
(2664, '2020-10-25'),
(2665, '2020-10-26'),
(2666, '2020-10-27'),
(2667, '2020-10-28'),
(2668, '2020-10-29'),
(2669, '2020-10-30'),
(2670, '2020-10-31'),
(2671, '2020-11-01'),
(2672, '2020-11-02'),
(2673, '2020-11-03'),
(2674, '2020-11-04'),
(2675, '2020-11-05'),
(2676, '2020-11-06'),
(2677, '2020-11-07'),
(2678, '2020-11-08'),
(2679, '2020-11-09'),
(2680, '2020-11-10'),
(2681, '2020-11-11'),
(2682, '2020-11-12'),
(2683, '2020-11-13'),
(2684, '2020-11-14'),
(2685, '2020-11-16'),
(2686, '2020-11-17'),
(2687, '2020-11-18'),
(2688, '2020-11-19'),
(2689, '2020-11-20'),
(2690, '2020-11-21'),
(2691, '2020-11-22'),
(2692, '2020-11-23'),
(2693, '2020-11-24'),
(2694, '2020-11-25'),
(2695, '2020-11-26'),
(2696, '2020-11-27'),
(2697, '2020-11-28'),
(2698, '2020-11-29'),
(2699, '2020-11-30'),
(2700, '2020-12-01'),
(2701, '2020-12-02'),
(2702, '2020-12-03'),
(2703, '2020-12-04'),
(2704, '2020-12-05'),
(2705, '2020-12-06'),
(2706, '2020-12-07'),
(2707, '2020-12-08'),
(2708, '2020-12-09'),
(2709, '2020-12-10'),
(2710, '2020-12-11'),
(2711, '2020-12-12'),
(2712, '2020-12-13'),
(2713, '2020-12-14'),
(2714, '2020-12-15'),
(2715, '2020-12-16'),
(2716, '2020-12-17'),
(2717, '2020-12-18'),
(2718, '2020-12-19'),
(2719, '2020-12-20'),
(2720, '2020-12-21'),
(2721, '2020-12-22'),
(2722, '2020-12-23'),
(2723, '2020-12-24'),
(2724, '2020-12-25'),
(2725, '2020-12-26'),
(2726, '2020-12-27'),
(2727, '2020-12-28'),
(2728, '2020-12-29'),
(2729, '2020-12-30'),
(2730, '2020-12-31'),
(2731, '2021-01-01'),
(2732, '2021-01-02'),
(2733, '2021-01-03'),
(2734, '2021-01-04'),
(2735, '2021-01-05'),
(2736, '2021-01-06'),
(2737, '2021-01-07'),
(2738, '2021-01-08'),
(2739, '2021-01-09'),
(2740, '2021-01-10'),
(2741, '2021-01-11'),
(2742, '2021-01-12'),
(2743, '2021-01-13'),
(2744, '2021-01-14'),
(2745, '2021-01-15'),
(2746, '2021-01-16'),
(2747, '2021-01-17'),
(2748, '2021-01-18'),
(2749, '2021-01-19'),
(2750, '2021-01-20'),
(2751, '2021-01-21'),
(2752, '2021-01-22'),
(2753, '2021-01-23'),
(2754, '2021-01-24'),
(2755, '2021-01-25'),
(2756, '2021-01-26'),
(2757, '2021-01-27'),
(2758, '2021-01-28'),
(2759, '2021-01-29'),
(2760, '2021-01-30'),
(2761, '2021-01-31'),
(2762, '2021-02-01'),
(2763, '2021-02-02'),
(2764, '2021-02-03'),
(2765, '2021-02-04'),
(2766, '2021-02-05'),
(2767, '2021-02-06'),
(2768, '2021-02-07'),
(2769, '2021-02-08'),
(2770, '2021-02-09'),
(2771, '2021-02-10'),
(2772, '2021-02-11'),
(2773, '2021-02-12'),
(2774, '2021-02-13'),
(2775, '2021-02-14'),
(2776, '2021-02-15'),
(2777, '2021-02-16'),
(2778, '2021-02-17'),
(2779, '2021-02-18'),
(2780, '2021-02-19'),
(2781, '2021-02-20'),
(2782, '2021-02-21'),
(2783, '2021-02-22'),
(2784, '2021-02-23'),
(2785, '2021-02-24'),
(2786, '2021-02-25'),
(2787, '2021-02-26'),
(2788, '2021-02-27'),
(2789, '2021-02-28'),
(2790, '2021-03-01'),
(2791, '2021-03-02'),
(2792, '2021-03-03'),
(2793, '2021-03-04'),
(2794, '2021-03-05'),
(2795, '2021-03-06'),
(2796, '2021-03-07'),
(2797, '2021-03-08'),
(2798, '2021-03-09'),
(2799, '2021-03-10'),
(2800, '2021-03-11'),
(2801, '2021-03-12'),
(2802, '2021-03-13'),
(2803, '2021-03-14'),
(2804, '2021-03-15'),
(2805, '2021-03-16'),
(2806, '2021-03-17'),
(2807, '2021-03-18'),
(2808, '2021-03-19'),
(2809, '2021-03-20'),
(2810, '2021-03-21'),
(2811, '2021-03-22'),
(2812, '2021-03-23'),
(2813, '2021-03-24'),
(2814, '2021-03-25'),
(2815, '2021-03-26'),
(2816, '2021-03-27'),
(2817, '2021-03-28'),
(2818, '2021-03-29'),
(2819, '2021-03-30'),
(2820, '2021-03-31'),
(2821, '2021-04-01'),
(2822, '2021-04-02'),
(2823, '2021-04-03'),
(2824, '2021-04-04'),
(2825, '2021-04-05'),
(2826, '2021-04-06'),
(2827, '2021-04-07'),
(2828, '2021-04-08'),
(2829, '2021-04-09'),
(2830, '2021-04-10'),
(2831, '2021-04-11'),
(2832, '2021-04-12'),
(2833, '2021-04-13'),
(2834, '2021-04-14'),
(2835, '2021-04-15'),
(2836, '2021-04-16'),
(2837, '2021-04-17'),
(2838, '2021-04-18'),
(2839, '2021-04-19'),
(2840, '2021-04-20'),
(2841, '2021-04-21'),
(2843, '2021-04-22'),
(2844, '2021-04-23'),
(2842, '2021-04-24'),
(2845, '2021-04-25'),
(2846, '2021-04-26'),
(2847, '2021-04-27'),
(2848, '2021-04-28'),
(2849, '2021-04-29'),
(2850, '2021-04-30'),
(2851, '2021-05-01'),
(2852, '2021-05-02'),
(2853, '2021-05-03'),
(2854, '2021-05-04'),
(2855, '2021-05-05'),
(2856, '2021-05-06'),
(2857, '2021-05-07'),
(2858, '2021-05-08'),
(2859, '2021-05-09'),
(2860, '2021-05-10'),
(2861, '2021-05-11'),
(2862, '2021-05-12'),
(2863, '2021-05-13'),
(2864, '2021-05-14'),
(2865, '2021-05-15'),
(2866, '2021-05-16'),
(2867, '2021-05-17'),
(2868, '2021-05-18'),
(2869, '2021-05-19'),
(2870, '2021-05-20'),
(2871, '2021-05-21'),
(2872, '2021-05-22'),
(2873, '2021-05-23'),
(2874, '2021-05-24'),
(2875, '2021-05-25'),
(2876, '2021-05-26'),
(2877, '2021-05-27'),
(2878, '2021-05-28'),
(2879, '2021-05-29'),
(2880, '2021-05-30'),
(2881, '2021-05-31'),
(2882, '2021-06-01'),
(2883, '2021-06-02'),
(2884, '2021-06-03'),
(2885, '2021-06-04'),
(2886, '2021-06-05'),
(2887, '2021-06-06'),
(2888, '2021-06-07'),
(2889, '2021-06-08'),
(2890, '2021-06-09'),
(2891, '2021-06-10'),
(2892, '2021-06-11'),
(2893, '2021-06-12'),
(2894, '2021-06-13'),
(2895, '2021-06-14'),
(2896, '2021-06-15'),
(2897, '2021-06-16'),
(2898, '2021-06-17'),
(2899, '2021-06-18'),
(2900, '2021-06-19'),
(2901, '2021-06-20'),
(2902, '2021-06-21'),
(2903, '2021-06-22'),
(2904, '2021-06-23'),
(2905, '2021-06-24'),
(2906, '2021-06-25'),
(2907, '2021-06-26'),
(2908, '2021-06-27'),
(2909, '2021-06-28'),
(2910, '2021-06-29'),
(2911, '2021-06-30'),
(2912, '2021-07-01'),
(2913, '2021-07-02'),
(2914, '2021-07-03'),
(2915, '2021-07-04'),
(2916, '2021-07-05'),
(2917, '2021-07-06'),
(2918, '2021-07-07'),
(2919, '2021-07-08'),
(2920, '2021-07-09'),
(2921, '2021-07-10'),
(2922, '2021-07-11'),
(2923, '2021-07-12'),
(2924, '2021-07-13'),
(2925, '2021-07-14'),
(2926, '2021-07-15'),
(2927, '2021-07-16'),
(2928, '2021-07-17'),
(2929, '2021-07-18'),
(2930, '2021-07-19'),
(2931, '2021-07-20'),
(2932, '2021-07-21'),
(2933, '2021-07-22'),
(2934, '2021-07-23'),
(2935, '2021-07-24'),
(2936, '2021-07-25'),
(2937, '2021-07-26'),
(2938, '2021-07-27'),
(2939, '2021-07-28'),
(2940, '2021-07-29'),
(2941, '2021-07-30'),
(2942, '2021-07-31'),
(2943, '2021-08-01'),
(2944, '2021-08-02'),
(2945, '2021-08-03'),
(2946, '2021-08-04'),
(2947, '2021-08-05'),
(2948, '2021-08-06'),
(2949, '2021-08-07'),
(2950, '2021-08-08'),
(2951, '2021-08-09'),
(2952, '2021-08-10'),
(2953, '2021-08-11'),
(2954, '2021-08-12'),
(2955, '2021-08-13'),
(2956, '2021-08-14'),
(2957, '2021-08-15'),
(2958, '2021-08-16'),
(2959, '2021-08-17'),
(2960, '2021-08-18'),
(2961, '2021-08-19'),
(2962, '2021-08-20'),
(2963, '2021-08-21'),
(2964, '2021-08-22'),
(2965, '2021-08-23'),
(2966, '2021-08-24'),
(2967, '2021-08-25'),
(2968, '2021-08-26'),
(2969, '2021-08-27'),
(2970, '2021-08-28'),
(2971, '2021-08-29'),
(2972, '2021-08-30'),
(2973, '2021-08-31'),
(2974, '2021-09-01'),
(2975, '2021-09-02'),
(2976, '2021-09-03'),
(2977, '2021-09-04'),
(2978, '2021-09-05'),
(2979, '2021-09-06'),
(2980, '2021-09-07'),
(2981, '2021-09-08'),
(2982, '2021-09-09'),
(2983, '2021-09-10'),
(2984, '2021-09-11'),
(2985, '2021-09-12'),
(2986, '2021-09-13'),
(2987, '2021-09-14'),
(2988, '2021-09-15'),
(2989, '2021-09-16'),
(2990, '2021-09-17'),
(2991, '2021-09-18'),
(2992, '2021-09-19'),
(2993, '2021-09-20'),
(2994, '2021-09-21'),
(2995, '2021-09-22'),
(2996, '2021-09-23'),
(2997, '2021-09-24'),
(2998, '2021-09-25'),
(2999, '2021-09-26'),
(3002, '2021-09-27'),
(3000, '2021-09-28'),
(3001, '2021-09-29'),
(3003, '2021-09-30'),
(3004, '2021-10-01'),
(3005, '2021-10-02'),
(3006, '2021-10-03'),
(3007, '2021-10-04'),
(3008, '2021-10-05'),
(3011, '2021-10-06'),
(3009, '2021-10-07'),
(3010, '2021-10-08'),
(3012, '2021-10-09'),
(3042, '2021-10-10'),
(3013, '2021-10-11'),
(3014, '2021-10-12'),
(3015, '2021-10-13'),
(3016, '2021-10-14'),
(3017, '2021-10-15'),
(3018, '2021-10-16'),
(3019, '2021-10-17'),
(3020, '2021-10-18'),
(3021, '2021-10-19'),
(3022, '2021-10-20'),
(3023, '2021-10-21'),
(3024, '2021-10-22'),
(3025, '2021-10-23'),
(3026, '2021-10-24'),
(3027, '2021-10-25'),
(3028, '2021-10-26'),
(3029, '2021-10-27'),
(3030, '2021-10-28'),
(3031, '2021-10-29'),
(3032, '2021-10-30'),
(3033, '2021-10-31'),
(3034, '2021-11-01'),
(3035, '2021-11-02'),
(3036, '2021-11-03'),
(3037, '2021-11-04'),
(3038, '2021-11-05'),
(3039, '2021-11-06'),
(3040, '2021-11-07'),
(3041, '2021-11-08'),
(3043, '2021-11-09'),
(3044, '2021-11-10'),
(3045, '2021-11-11'),
(3046, '2021-11-12'),
(3047, '2021-11-13'),
(3048, '2021-11-14'),
(3049, '2021-11-15'),
(3050, '2021-11-16'),
(3051, '2021-11-17'),
(3052, '2021-11-18'),
(3053, '2021-11-19'),
(3054, '2021-11-20'),
(3055, '2021-11-21'),
(3056, '2021-11-22'),
(3057, '2021-11-23'),
(3058, '2021-11-24'),
(3059, '2021-11-25'),
(3060, '2021-11-26'),
(3061, '2021-11-27'),
(3062, '2021-11-28'),
(3063, '2021-11-29'),
(3064, '2021-11-30'),
(3065, '2021-12-01'),
(3066, '2021-12-02'),
(3067, '2021-12-03'),
(3068, '2021-12-04'),
(3069, '2021-12-05'),
(3070, '2021-12-06'),
(3071, '2021-12-07'),
(3072, '2021-12-08'),
(3073, '2021-12-09'),
(3075, '2021-12-10'),
(3074, '2021-12-11'),
(3076, '2021-12-12'),
(3077, '2021-12-13'),
(3078, '2021-12-14');

--
-- Дамп данных таблицы `log_debug_proc`
--

INSERT INTO `log_debug_proc` (`ts`, `msg`) VALUES
('2021-12-14 02:53:53', 'CountDeletedRowsIn_stats_ap: 50000'),
('2021-12-14 02:54:03', 'CountDeletedRowsIn_stats_ap: 77163'),
('2021-12-14 02:54:10', 'CountDeletedRowsIn_stats_lte: 33822'),
('2021-12-14 02:54:27', 'CountDeletedRowsIn_stats_ping: 50000'),
('2021-12-14 02:54:51', 'CountDeletedRowsIn_stats_ping: 100000'),
('2021-12-14 02:55:11', 'CountDeletedRowsIn_stats_ping: 150000'),
('2021-12-14 02:55:32', 'CountDeletedRowsIn_stats_ping: 200000'),
('2021-12-14 02:55:52', 'CountDeletedRowsIn_stats_ping: 250000'),
('2021-12-14 02:56:21', 'CountDeletedRowsIn_stats_ping: 300000'),
('2021-12-14 02:56:43', 'CountDeletedRowsIn_stats_ping: 350000'),
('2021-12-14 02:57:06', 'CountDeletedRowsIn_stats_ping: 400000'),
('2021-12-14 02:57:28', 'CountDeletedRowsIn_stats_ping: 450000'),
('2021-12-14 02:57:48', 'CountDeletedRowsIn_stats_ping: 500000'),
('2021-12-14 02:58:08', 'CountDeletedRowsIn_stats_ping: 550000'),
('2021-12-14 02:58:28', 'CountDeletedRowsIn_stats_ping: 600000'),
('2021-12-14 02:58:36', 'CountDeletedRowsIn_stats_ping: 619887'),
('2021-12-14 02:58:36', 'CountDeletedRowsIn_stats_status: 1663'),
('2021-12-14 02:59:00', 'CountDeletedRowsIn_statss: 50000'),
('2021-12-14 02:59:54', 'CountDeletedRowsIn_statss: 100000'),
('2021-12-14 03:00:44', 'CountDeletedRowsIn_statss: 150000'),
('2021-12-14 03:01:53', 'CountDeletedRowsIn_statss: 200000'),
('2021-12-14 03:02:28', 'CountDeletedRowsIn_statss: 250000'),
('2021-12-14 03:03:18', 'CountDeletedRowsIn_statss: 300000'),
('2021-12-14 03:04:03', 'CountDeletedRowsIn_statss: 350000'),
('2021-12-14 03:04:27', 'CountDeletedRowsIn_statss: 400000'),
('2021-12-14 03:04:50', 'CountDeletedRowsIn_statss: 450000'),
('2021-12-14 03:05:13', 'CountDeletedRowsIn_statss: 500000'),
('2021-12-14 03:05:35', 'CountDeletedRowsIn_statss: 550000'),
('2021-12-14 03:05:57', 'CountDeletedRowsIn_statss: 600000'),
('2021-12-14 03:06:04', 'CountDeletedRowsIn_statss: 625766');

--
-- Дамп данных таблицы `lte`
--

INSERT INTO `lte` (`id_lte`, `name`, `ip_lte`, `ip_vpn`, `mac_eth01`, `mac_eth02`, `mac_ovpn`, `place_install`, `firmware`, `id_equipment`, `model_lte`, `serial_lte`, `serial_modem`, `imei_modem`, `model_modem`, `prim`) VALUES
(1, 'A161_LTE', '10.70.130.8', '10.70.126.8', '2C:C8:1B:19:9D:B4', '2C:C8:1B:19:9D:B5', 'FE:3B:E0:99:BE:60', 'A161', '7.1beta4', 220, 'RBSXTR', 'D7D50E897B11/111/r3', '723C033AA283', '355654093830664', 'R11e-LTE', 'Mikrotik SXT LTE kit'),
(2, 'EX12_LTE', '10.70.130.5', '10.70.126.5', '2C:C8:1B:1D:D3:BD', '2C:C8:1B:1D:D3:BE', 'FE:5B:D5:D4:FC:EC', 'EX12', '7.1beta4', 149, 'RBSXTR', 'D7D50E528D8E/111/r3', '723C03523072', '355654093774995', 'R11e-LTE', 'Mikrotik SXT LTE kit'),
(3, 'A162_LTE', '10.70.130.4', '10.70.126.4', '2C:C8:1B:19:97:D2', '2C:C8:1B:19:97:D3', 'FE:EA:72:AB:34:5D', 'A162', '7.1beta4', 222, 'RBSXTR', 'D7D50E9D00DF/111/r3', '723C034B5F1C', '355654093830862', 'R11e-LTE', 'Mikrotik SXT LTE kit'),
(4, 'SZM104_LTE', '10.70.130.7', '10.70.126.7', '2C:C8:1B:19:8F:1E', '2C:C8:1B:19:8F:1F', 'FE:9A:08:15:07:30', 'k.121', '7.1beta4', 225, 'RBSXTR', 'D7D50EF67B0F/111/r3', '723C0329FF46', '355654093839491', 'R11e-LTE', 'Mikrotik SXT LTE kit'),
(5, 'EX449_LTE', '10.70.130.6', '10.70.126.6', '2C:C8:1B:19:90:EB', '2C:C8:1B:19:90:EC', 'FE:DE:DB:7A:BC:F9', 'EX449', '7.1beta4', 223, 'RBSXTR', 'D7D50E73496F/111/r3', '723C03A32BA8', '355654093833874', 'R11e-LTE', 'Mikrotik SXT LTE kit');

--
-- Дамп данных таблицы `modems`
--

INSERT INTO `modems` (`id_modem`, `is_access_point`, `name`, `ip_address`, `mac_address`, `place_install`, `power`, `prim`, `color`, `online`, `firmware`, `id_equipment`, `is_ap_repeater`, `mac_wds_peer`) VALUES
(1, 0, 'ex_EX146', '10.70.123.86', '00:27:22:66:6C:06', 'Участок АСУГТК', 20, '', 16777215, 0, '5.6', NULL, 0, NULL),
(4, 1, 'GBM', '10.70.120.18', '00:27:22:8C:4F:2C', 'ГБМ', 20, '', 808080, 1, '6.2', 4, 0, NULL),
(5, 0, 'A100', '10.70.123.1', '68:72:51:44:DD:D5', 'A100', 20, '', 16777215, 0, '5.5', 5, 0, NULL),
(6, 0, 'A102', '10.70.123.2', '00:27:22:AA:57:23', 'A102', 20, '', 16777215, 1, '5.5', 6, 0, NULL),
(9, 0, 'A131', '10.70.123.31', '00:27:22:66:6B:F2', 'A131', 20, 'установлено 06.09.2013', 0, 1, '5.5', 67, 0, NULL),
(10, 0, 'A140', '10.70.123.40', '00:27:22:66:6A:D5', 'A140', 20, 'установлено 26.04.17', 0, 1, '5.5', 137, 0, NULL),
(11, 0, 'A141', '10.70.123.41', 'DC:9F:DB:94:86:7F', 'A141', 20, NULL, 0, 0, '5.5', 146, 0, NULL),
(12, 0, 'A132', '10.70.123.32', '00:27:22:66:6B:FC', 'A132', 20, '29.10.2013', 0, 0, '5.5', 69, 0, NULL),
(14, 0, 'A139', '10.70.123.39', '68:72:51:44:DE:51', 'A139', 20, NULL, 0, 1, '5.5', 135, 0, NULL),
(18, 0, 'test_141', '10.70.123.141', '00:27:22:66:6C:2A', 'к.121 АБКРУ', 20, '', 16777215, 0, '5.5', NULL, 0, NULL),
(21, 0, 'EX454', '10.70.123.114', '00:27:22:66:6B:FA', 'EX454', 20, '', 16777215, 0, '5.5', 139, 0, NULL),
(23, 0, 'ex_A119', '10.70.123.19', '24:A4:3C:A4:DA:3A', 'к.121', 20, '', 16777215, 0, '5.5', NULL, 0, NULL),
(24, 0, 'A138', '10.70.123.38', 'DC:9F:DB:98:18:01', 'A138', 20, NULL, 0, 0, '5.5', 133, 0, NULL),
(25, 0, 'A142', '10.70.123.42', 'E0:63:DA:12:A2:D3', 'A142', 20, NULL, 0, 1, '6.0', 147, 0, NULL),
(26, 0, 'A143', '10.70.123.43', '00:27:22:66:6A:BF', 'A143', 20, NULL, 0, 0, '5.5', 148, 0, NULL),
(29, 0, 'A125', '10.70.123.25', '00:27:22:66:6A:E0', 'A125', 20, '', 16777215, 0, '5.5', 29, 0, NULL),
(30, 0, 'A126', '10.70.123.26', '00:27:22:66:6B:F7', 'A126', 20, '', 16777215, 1, '5.5', 30, 0, NULL),
(31, 0, 'A127', '10.70.123.27', '00:27:22:66:6C:10', 'A127', 20, '', 16777215, 1, '5.5', 31, 0, NULL),
(32, 0, 'A128', '10.70.123.28', '00:15:6D:5E:AD:F0', 'A128', 20, '', 16777215, 0, '5.5', NULL, 0, NULL),
(33, 0, 'A129', '10.70.123.29', '00:27:22:66:6B:F0', 'A129', 20, '', 16777215, 1, '5.5', 33, 0, NULL),
(34, 0, 'A130', '10.70.123.30', '00:27:22:66:6C:2B', 'A130', 20, '', 16777215, 0, '5.5', 34, 0, NULL),
(35, 0, 'ex_A134', '10.70.123.34', '00:27:22:76:62:5B', 'k.121', 20, NULL, 0, 0, '5.5', NULL, 0, NULL),
(36, 0, 'A135', '10.70.123.35', 'DC:9F:DB:94:87:F9', 'A135', 20, NULL, 0, 1, '5.5', 73, 0, NULL),
(39, 0, 'EX132', '10.70.123.127', 'FC:EC:DA:60:C5:F4', 'EX132', 20, 'Bullet заменен 21.08.2020 - разбит взрывом', 16777215, 1, '6.0', 47, 0, NULL),
(40, 0, 'EX139', '10.70.123.85', '68:72:51:0E:88:49', 'EX139', 20, NULL, 16777215, 0, '6.2', 40, 0, NULL),
(41, 0, 'EX130_down', '10.70.123.84', 'FC:EC:DA:60:CE:48', 'EX130', 20, '', 16777215, 1, '5.5', NULL, 0, NULL),
(42, 0, 'test_250', '10.70.123.250', '24:A4:3C:A4:DA:A1', '', 20, '', 16777215, 0, '5.5', NULL, 0, 'DC:9F:DB:98:40:76'),
(45, 0, 'EX10', '10.70.123.117', '00:27:22:66:6A:C2', 'EX10', 20, NULL, 16777215, 0, '5.6', NULL, 0, '00:27:22:8C:4F:3D'),
(46, 0, 'EX12', '10.70.123.119', '00:27:22:66:6C:00', 'EX112', 20, NULL, 11162965, 1, '5.5', 149, 0, '00:27:22:66:6C:00'),
(48, 0, 'EX133', '10.70.123.128', '24:A4:3C:9E:0F:DD', 'EX133', 20, 'Установлен 20.09.13 - переустановлен с ЕХ143', 16777215, 1, '5.6', 48, 0, NULL),
(49, 0, 'EX134', '10.70.123.65', '00:27:22:66:6B:F3', 'EX134', 20, '', 16777215, 0, '5.6', NULL, 0, NULL),
(50, 0, 'EX135', '10.70.123.66', '00:27:22:66:6A:83', 'EX135', 20, '', 16777215, 1, '5.5', 50, 0, '68:72:51:60:00:6D'),
(51, 0, 'EX136', '10.70.123.126', '00:27:22:66:6A:C8', 'EX136', 20, 'в резерве. Снят 27-12-2012. Поставлен Rocket. Буллет установлен на EX136', 16777215, 1, '5.6', 51, 0, NULL),
(52, 0, 'EX137', '10.70.123.140', '00:27:22:66:6C:1B', 'EX137', 20, NULL, 16777215, 0, '5.5', NULL, 1, 'DC:9F:DB:0C:B6:4C'),
(55, 0, 'EX144', '10.70.123.80', '00:27:22:66:6B:1D', 'EX144', 20, '', 16777215, 1, '5.5', 55, 0, '00:27:22:8C:4F:3D'),
(57, 0, 'EX4', '10.70.123.90', '00:27:22:66:6A:C0', 'EX4', 20, 'установлен 08.04.14', 16777215, 1, '5.5', 89, 0, '68:72:51:06:BC:37'),
(61, 1, 'PS_9_Rocket_res', '10.70.120.17', '00:27:22:8C:4F:3D', 'Подстанция №9', 23, 'Rocket M. Установлен 27-11-2012', 255, 0, '5.5', NULL, 0, NULL),
(62, 1, 'QVARZITNAYA', '10.70.120.20', '00:27:22:8C:50:8B', 'ст. Кварцитная', 20, 'rocket. установлена 06.12.2012', 32768, 1, '5.5', NULL, 0, NULL),
(67, 1, 'QVARZITNAYA', '10.70.120.16', '00:27:22:28:49:3B', 'ст. Кварцитная', 20, 'установка на Кварцитную 01.04.2021', 32768, 1, '5.5', 62, 0, NULL),
(69, 1, 'Peregruzka_11', '10.70.120.19', '00:27:22:8C:50:54', 'Перегрузка 11', 20, 'Сняли 19.03.14', 65280, 1, '5.5', 58, 0, NULL),
(90, 0, 'A500', '10.70.123.82', 'E0:63:DA:12:A4:83', NULL, 20, NULL, 0, 0, '6.2', 105, 0, NULL),
(141, 0, 'test_140', '', 'E0:63:DA:12:A8:04', 'Резерв', 20, NULL, 0, 0, '6.0', NULL, 0, NULL),
(145, 0, 'A136', '10.70.123.36', 'DC:9F:DB:94:87:78', 'A136', 20, NULL, 0, 1, '5.5', 75, 0, NULL),
(146, 0, 'A105', '10.70.123.5', '00:27:22:76:62:6C', 'A105', 20, NULL, 0, 0, '5.5', 9, 0, NULL),
(147, 0, 'A137', '10.70.123.37', '00:27:22:76:63:CC', 'A137', 20, NULL, 0, 1, '5.5', 101, 0, NULL),
(158, 0, 'EX8', '10.70.123.92', '00:27:22:66:6B:E8', 'EX8', 20, NULL, 16777215, 1, '5.5', 95, 0, '68:72:51:60:00:6D'),
(160, 0, 'EX9', '10.70.123.93', '00:27:22:66:6A:BB', 'EX9', 20, NULL, 16777215, 1, '5.5', 97, 0, '00:27:22:8C:50:8B'),
(165, 0, 'EX128', '10.70.123.67', '68:72:51:2C:A9:12', 'EX128', 20, NULL, 16777215, 0, '5.5', 113, 0, NULL),
(167, 0, 'EX143', '10.70.123.68', '68:72:51:44:DE:5C', 'EX143', 20, NULL, 16777215, 0, '5.5', 54, 0, NULL),
(169, 0, 'EX147', '10.70.123.88', '68:72:51:00:89:BA', 'EX147', 20, NULL, 16777215, 0, '5.5', 115, 0, NULL),
(171, 0, 'EX7', '10.70.123.95', 'DC:9F:DB:94:87:3B', 'EX7', 20, NULL, 16777215, 0, '5.6', 117, 0, '68:72:51:06:BC:37'),
(173, 0, 'EX141', '10.70.123.96', '68:72:51:00:21:2B', 'EX141', 20, NULL, 16777215, 1, '5.6', 119, 0, NULL),
(175, 0, 'EX138', '10.70.123.99', '00:27:22:66:68:8D', 'EX138', 20, NULL, 16777215, 1, '5.6', 129, 0, NULL),
(177, 1, 'SMOTR_2', '10.70.120.22', '68:72:51:06:BC:37', 'Диспетчерская', 28, 'Базовая станция WiFi для обеспечения доступа к сети работникам УАСУГТК, а также резерв на случай проблем с оптическим кольцом', 8388736, 1, '5.5', 123, 0, NULL),
(179, 0, 'test_24', '10.70.120.15', 'DC:9F:DB:98:3F:47', 'Снят с диспетчерской. В резерве.', 20, NULL, 16711680, 0, '5.5', NULL, 0, NULL),
(183, 1, 'SMOTROVAYA', '10.70.120.15', 'DC:9F:DB:98:40:76', 'Диспетчерская', 20, NULL, 16711680, 1, '5.5', 2, 0, NULL),
(185, 0, 'pp11_old', '10.70.120.19', '68:72:51:06:BB:F2', NULL, 20, NULL, 65280, 0, '5.5', NULL, 0, NULL),
(189, 0, 'EX131', '10.70.123.100', '00:27:22:66:6C:13', 'EX131', 20, NULL, 16777215, 1, '5.6', 131, 0, NULL),
(190, 0, 'EX450', '10.70.123.94', '68:72:51:2C:A8:16', 'EX450', 20, NULL, 16777215, 1, '5.5', 150, 0, '00:27:22:8C:4F:3D'),
(193, 0, 'EX451', '10.70.123.19', '00:27:22:66:6A:B8', 'EX451', 20, NULL, 16777215, 0, '5.5', 23, 0, NULL),
(195, 0, 'EX452', '10.70.123.113', 'E0:63:DA:62:2D:EB', 'EX452', 20, NULL, 16777215, 0, '6.2', 143, 0, NULL),
(198, 0, 'A144', '10.70.123.44', '68:72:51:2C:A8:7A', 'A144', 20, NULL, 0, 1, '5.5', 151, 0, NULL),
(199, 0, 'A145', '10.70.123.45', '00:27:22:76:63:74', 'A145', 20, NULL, 0, 1, '5.5', 152, 0, NULL),
(200, 0, 'A146', '10.70.123.46', '00:27:22:66:6B:44', 'A146', 20, NULL, 0, 1, '5.5', 153, 0, NULL),
(202, 0, 'EX14', '10.70.123.122', '00:27:22:66:6C:1C', 'EX14', 20, NULL, 16777215, 1, '5.5', 154, 0, '68:72:51:06:BC:37'),
(203, 0, 'A147', '10.70.123.47', '68:72:51:2C:A8:42', 'A147', 20, NULL, 0, 0, '5.5', 155, 0, NULL),
(204, 0, 'A148', '10.70.123.48', '24:A4:3C:A4:DA:00', 'A148', 20, NULL, 0, 0, '5.5', 156, 0, NULL),
(205, 0, 'A149', '10.70.123.49', 'DC:9F:DB:94:87:43', 'A149', 20, NULL, 0, 1, '5.5', 157, 0, NULL),
(206, 0, 'A150', '10.70.123.50', 'FC:EC:DA:60:C5:8B', 'A150', 20, NULL, 0, 0, '6.0', 158, 0, NULL),
(207, 0, 'A151', '10.70.123.51', '68:72:51:44:DF:C0', 'A151', 20, NULL, 0, 1, '5.5', 159, 0, NULL),
(208, 0, 'A152', '10.70.123.52', '68:72:51:0C:C1:68', 'A152', 20, NULL, 0, 1, '5.5', 160, 0, NULL),
(209, 0, 'EX15', '10.70.123.123', '68:72:51:00:8D:15', 'EX15', 20, NULL, 16777215, 1, '5.5', 161, 1, 'DC:9F:DB:0C:B6:4C'),
(210, 0, 'Drill001', '10.70.124.17', '18:E8:29:7A:15:F5', 'Drill001', 20, NULL, 0, 1, '6.2', 162, 0, NULL),
(211, 0, 'Drill002', '10.70.124.27', '18:E8:29:7A:15:04', 'Drill002', 20, NULL, 0, 1, '6.2', 163, 0, NULL),
(212, 0, 'Drill091', '10.70.124.107', '18:E8:29:7A:5C:07', 'Drill091', 20, NULL, 0, 0, '6.2', NULL, 0, NULL),
(213, 0, 'Drill096', '10.70.124.117', '68:72:51:88:71:64', 'Drill096', 20, NULL, 0, 0, '5.6', 165, 0, NULL),
(214, 0, 'Drill097', '10.70.124.127', '18:E8:29:7A:17:0F', 'Drill097', 20, NULL, 0, 1, '6.2', 166, 0, NULL),
(215, 0, 'Drill098', '10.70.124.137', '18:E8:29:7A:14:E7', 'Drill098', 20, NULL, 0, 0, '6.2', 167, 0, NULL),
(216, 0, 'Drill099', '10.70.124.147', '18:E8:29:7A:16:0D', 'Drill099', 20, NULL, 0, 1, '6.2', 168, 0, NULL),
(217, 0, 'Drill100', '10.70.124.2', '18:E8:29:7A:17:0C', 'Drill100', 20, NULL, 0, 1, '6.2', 169, 0, NULL),
(218, 0, 'Drill???', '10.70.124.22', '18:E8:29:7A:59:AF', 'Неисправен 04.01.2021', 20, NULL, 0, 0, '6.0', NULL, 0, NULL),
(219, 0, 'Drill103', '10.70.124.32', '18:E8:29:7A:14:EF', 'Drill103', 20, NULL, 0, 1, '6.2', 171, 0, NULL),
(220, 0, 'Drill105', '10.70.124.52', '18:E8:29:7A:15:7B', 'Drill105', 20, NULL, 0, 1, '6.2', 172, 0, NULL),
(221, 0, 'Drill106', '10.70.124.62', '18:E8:29:7A:12:83', 'Drill106', 20, NULL, 0, 1, '6.2', 173, 0, NULL),
(222, 0, 'Drill107', '10.70.124.72', '18:E8:29:7A:15:9A', 'Drill107', 20, NULL, 0, 1, '6.2', 174, 0, NULL),
(223, 0, 'Drill108', '10.70.124.82', '18:E8:29:7A:5B:13', 'Drill108', 20, NULL, 0, 0, '6.2', 175, 0, NULL),
(224, 0, 'Drill109', '10.70.124.92', '18:E8:29:7A:15:73', 'Drill109', 20, NULL, 0, 1, '6.2', 176, 0, NULL),
(225, 0, 'Drill111', '10.70.124.112', '18:E8:29:7A:15:EC', 'Drill111', 20, NULL, 0, 1, '6.2', 177, 0, NULL),
(226, 0, 'SZM131', '10.70.124.202', '18:E8:29:7A:12:76', 'SZM131', 20, NULL, 0, 0, '6.2', 178, 0, NULL),
(227, 0, 'SZM132', '10.70.124.207', '18:E8:29:7A:12:88', 'SZM132', 20, NULL, 0, 0, '6.2', 179, 0, NULL),
(228, 0, 'SZM133', '10.70.124.212', '18:E8:29:7A:5C:11', 'SZM133', 20, NULL, 0, 0, '6.2', 180, 0, NULL),
(229, 0, 'SZM134', '10.70.124.217', '18:E8:29:7A:59:7E', 'SZM134', 20, NULL, 0, 0, '6.2', 181, 0, NULL),
(230, 0, 'SZM135', '10.70.124.222', '18:E8:29:7A:14:34', 'SZM135', 20, NULL, 0, 0, '6.2', 182, 0, NULL),
(231, 0, 'A153', '10.70.123.53', 'FC:EC:DA:60:C5:64', 'A153', 20, NULL, 0, 0, '6.0', 183, 0, NULL),
(232, 0, 'A154', '10.70.123.54', '68:72:51:00:8B:7C', 'A154', 20, NULL, 0, 1, '5.5', 184, 0, NULL),
(233, 0, 'A155', '10.70.123.55', '68:72:51:2C:A8:E8', 'A155', 20, NULL, 0, 1, '5.5', 185, 0, NULL),
(234, 1, 'PS_9_Rocket_TI', '10.70.120.17', 'DC:9F:DB:08:B7:F1', 'Подстанция №9', 23, 'Rocket M Titanium. Установлен 24-01-2020', 253, 0, '5.5', NULL, 0, NULL),
(235, 1, 'PS_9_Rocket', '10.70.120.17', 'DC:9F:DB:0C:B6:4C', 'Подстанция №9', 23, 'Rocket M. Установлен 03.02.2020', 255, 1, '5.5', 61, 0, NULL),
(238, 0, 'test_Utkin', '10.70.123.222', '68:72:51:00:8D:7C', '', 20, 'Буллет у Уткина', 0, 0, '5.5', NULL, 0, NULL),
(239, 0, 'EX130', '10.70.123.84', '24:A4:3C:9E:0F:DA', 'EX130', 20, NULL, 0, 0, '5.5', 46, 0, NULL),
(240, 0, 'EX17', '10.70.123.124', '24:A4:3C:A4:DA:55', 'EX17', 20, NULL, 0, 1, '5.5', 186, 0, NULL),
(242, 0, 'A500m', '10.70.123.82', '24:A4:3C:9E:10:24', NULL, 20, NULL, 0, 0, '5.5', NULL, 0, NULL),
(243, 0, 'A157', '10.70.123.57', 'FC:EC:DA:60:C5:CD', 'A157', 20, NULL, 0, 1, '6.0', 212, 0, NULL),
(244, 1, '9_ps_v2', '10.70.120.25', '68:72:51:60:00:6D', '9PS', 20, NULL, 16776960, 1, '5.5', 208, 0, NULL),
(245, 1, 'BVU_GARAGE_Bullet', '10.70.24.220', '18:E8:29:7A:59:F6', 'БВУ гараж', 20, NULL, 16711935, 1, '6.2', 209, 0, NULL),
(246, 0, 'test_140', '10.70.123.140', 'E0:63:DA:12:A2:6E', NULL, 20, NULL, 0, 0, '6.3', 210, 0, NULL),
(247, 0, 'test_253', '10.70.123.253', 'FC:EC:DA:60:C6:4B', NULL, 20, NULL, 0, 0, '6.1', NULL, 0, NULL),
(248, 0, 'EX129', '10.70.123.98', 'FC:EC:DA:60:CB:3F', 'EX129', 20, NULL, 0, 0, '5.6', 127, 0, NULL),
(249, 0, 'test_253', '10.70.123.253', 'DC:9F:DB:0A:5B:4F', NULL, 20, NULL, 0, 0, '5.5', NULL, 0, NULL),
(251, 0, 'test140', '10.70.123.141', '24:A4:3C:A4:DA:45', NULL, 20, NULL, 0, 0, '6.3', 221, 0, NULL),
(252, 0, 'test_148', '10.70.123.148', 'DC:9F:DB:08:B2:4E', NULL, 20, NULL, 0, 0, '5.5', NULL, 0, NULL),
(253, 0, 'test_202', '10.70.123.202', '68:72:51:0E:88:A9', NULL, 20, NULL, 0, 0, '5.5', NULL, 0, NULL),
(254, 0, 'test_205', '10.70.123.205', 'E0:63:DA:62:31:23', NULL, 20, NULL, 0, 0, '6.2', NULL, 0, NULL),
(260, 0, 'test_223', '10.70.123.223', '00:27:22:76:63:6E', NULL, 20, NULL, 0, 0, '5.5', NULL, 0, NULL),
(261, 0, 'ex_EX130', '10.70.123.84', '24:A4:3C:9E:0F:97', NULL, 20, NULL, 0, 0, '5.5', NULL, 0, NULL),
(262, 0, 'Drill096', '10.70.124.117', '18:E8:29:7A:15:93', NULL, 20, NULL, 0, 0, '6.0', NULL, 0, NULL),
(263, 0, 'EX145', '10.70.123.81', '00:27:22:66:6C:14', 'EX145', 20, NULL, 0, 0, '5.5', 56, 0, NULL),
(264, 1, 'test_base', '10.70.120.20', '18:E8:29:7C:4D:23', 'к.121', 20, NULL, 0, 0, '6.2', NULL, 0, NULL),
(265, 1, 'test_base', '10.70.120.20', '18:E8:29:7C:4F:AD', 'к.121', 20, NULL, 0, 0, '6.2', NULL, 0, NULL),
(266, 0, 'test_base', '10.70.120.20', '18:E8:29:7C:4F:65', 'к.121', 20, NULL, 0, 0, '6.2', NULL, 0, NULL),
(267, 1, 'test_base', '10.70.120.20', '18:E8:29:7C:4F:6B', 'к.121', 20, NULL, 0, 0, '6.2', NULL, 0, NULL),
(268, 0, 'A156', '10.70.123.56', '68:72:51:2C:A8:31', 'A156', 20, NULL, 0, 1, '5.5', 211, 0, NULL),
(269, 0, 'Drill102', '10.70.124.22', 'FC:EC:DA:60:CB:2C', 'Drill102', 20, NULL, 0, 0, '6.2', 170, 0, NULL),
(270, 0, 'A158', '10.70.123.58', 'E0:63:DA:10:A9:E2', 'A158', 20, NULL, 0, 0, '6.0', 213, 0, NULL),
(271, 0, 'test_140', '10.70.123.140', 'E0:63:DA:12:A5:B2', NULL, 20, NULL, 0, 0, '6.0', NULL, 0, NULL),
(273, 0, 'test_140', '10.70.123.140', 'E0:63:DA:12:A6:95', NULL, 20, NULL, 0, 0, '6.0', NULL, 0, NULL),
(278, 0, 'test_140', '10.70.123.140', '68:72:51:84:71:52', NULL, 20, NULL, 0, 0, '5.5.8', NULL, 0, NULL),
(279, 0, 'Drill004', '10.70.124.47', '68:72:51:88:6F:F7', 'Drill004', 20, NULL, 0, 1, '5.6', 214, 0, NULL),
(280, 0, 'A133', '10.70.123.33', 'E0:63:DA:62:31:F7', 'A133', 20, NULL, 0, 1, '6.2', 79, 0, NULL),
(283, 1, 'BVU_GARAGE_Bullet2', '10.70.24.241', '68:72:51:86:C0:0B', 'Взрывцех', 20, NULL, 16711935, 1, '5.6', 215, 0, NULL),
(284, 0, 'test_140', '10.70.123.140', '68:72:51:88:71:81', NULL, 20, NULL, 0, 0, '5.5', NULL, 0, NULL),
(285, 0, 'EX19', '10.70.123.125', 'E0:63:DA:12:A7:9C', 'EX19', 20, NULL, 0, 1, '6.2', 216, 0, '68:72:51:06:BC:37'),
(287, 0, 'drill106_ap', '10.70.124.63', 'E0:63:DA:62:31:F6', '', 20, 'установлен 24.04.2021', 0, 0, '6.2', NULL, 0, NULL),
(288, 0, 'test_140', '10.70.123.140', 'FC:EC:DA:60:C6:0A', 'k.121', 20, NULL, 0, 0, '6.2', NULL, 0, NULL),
(289, 0, 'szm131_ap', '10.70.124.203', '18:E8:29:7A:14:38', NULL, 20, NULL, 0, 0, '5.5', NULL, 0, NULL),
(290, 0, 'szm132_ap', '10.70.124.208', '18:E8:29:7A:15:A1', NULL, 20, NULL, 0, 0, '5.5', NULL, 0, NULL),
(291, 0, 'szm133_ap', '10.70.124.213', '18:E8:29:7A:14:F4', NULL, 20, NULL, 0, 0, '5.5', NULL, 0, NULL),
(292, 0, 'szm134_ap', '10.70.124.218', '68:72:51:88:70:A3', NULL, 20, NULL, 0, 0, '5.5', NULL, 0, NULL),
(293, 0, 'szm135_ap', '10.70.124.223', '68:72:51:88:6F:E8', NULL, 20, NULL, 0, 0, '5.5', NULL, 0, NULL),
(294, 0, 'drill111_ap', '10.70.124.113', '18:E8:29:7A:59:F9', NULL, 20, NULL, 0, 0, '5.5', NULL, 0, NULL),
(295, 0, 'drill109_ap', '10.70.124.93', '68:72:51:84:71:E3', NULL, 20, NULL, 0, 0, '5.6', NULL, 0, NULL),
(296, 0, 'drill108_ap', '10.70.124.83', '18:E8:29:7A:59:C5', NULL, 20, NULL, 0, 0, '6.1', NULL, 0, NULL),
(297, 0, 'drill107_ap', '10.70.124.73', '18:E8:29:7A:14:1E', NULL, 20, NULL, 0, 0, '5.5', NULL, 0, NULL),
(298, 0, 'ex_drill106_ap', '10.70.123.140', '18:E8:29:7A:59:6B', NULL, 20, 'снят с drill106_ap 24.04.2021', 0, 0, '6.1', NULL, 0, NULL),
(299, 0, 'drill105_ap', '10.70.124.53', '18:E8:29:7A:14:F1', NULL, 20, NULL, 0, 0, '6.1', NULL, 0, NULL),
(300, 0, 'drill103_ap', '10.70.124.33', '68:72:51:88:70:43', NULL, 20, NULL, 0, 0, '6.1', NULL, 0, NULL),
(301, 0, 'drill102_ap', '10.70.124.23', '18:E8:29:7A:16:04', NULL, 20, NULL, 0, 0, '6.1', NULL, 0, NULL),
(302, 0, 'drill100_ap', '10.70.124.3', '18:E8:29:7A:13:EB', NULL, 20, NULL, 0, 0, '6.1', NULL, 0, NULL),
(303, 0, 'drill099_ap', '10.70.124.148', '18:E8:29:7A:13:F5', NULL, 20, NULL, 0, 0, '5.5', NULL, 0, NULL),
(304, 0, 'drill098_ap', '10.70.124.138', '18:E8:29:7A:12:39', NULL, 20, NULL, 0, 0, '5.5', NULL, 0, NULL),
(305, 0, 'drill097_ap', '10.70.124.128', '68:72:51:86:C5:E0', NULL, 20, NULL, 0, 0, '5.5', NULL, 0, NULL),
(306, 0, 'drill096_ap', '10.70.124.118', '68:72:51:44:DF:B6', NULL, 20, NULL, 0, 0, '5.5', NULL, 0, NULL),
(307, 0, 'drill004_ap', '10.70.124.48', '68:72:51:88:70:00', NULL, 20, NULL, 0, 0, '5.5', NULL, 0, NULL),
(308, 0, 'drill002_ap', '10.70.124.28', '18:E8:29:7A:5A:3E', NULL, 20, NULL, 0, 0, '6.1', NULL, 0, NULL),
(309, 0, 'drill001_ap', '10.70.124.18', '18:E8:29:7A:5A:6A', NULL, 20, NULL, 0, 0, '6.1', NULL, 0, NULL),
(310, 0, 'test_140', '10.70.123.140', 'E0:63:DA:62:33:06', NULL, 20, NULL, 0, 0, '6.2', NULL, 0, NULL),
(311, 0, 'test_140', '10.70.123.140', 'E0:63:DA:62:2F:B7', NULL, 20, NULL, 0, 0, '6.2', NULL, 0, NULL),
(313, 0, 'test_140', '10.70.123.140', 'E0:63:DA:62:2C:26', 'к.121', 20, NULL, 0, 0, '6.2', NULL, 0, NULL),
(314, 0, 'EX449', '10.70.123.120', 'E0:63:DA:62:31:26', 'EX449', 20, '', 0, 1, '6.2', 223, 0, NULL),
(315, 0, 'A161', '10.70.123.61', 'E0:63:DA:62:32:DD', 'A161', 25, NULL, 0, 1, '6.2', 220, 0, NULL),
(316, 0, 'A159', '10.70.123.59', 'E0:63:DA:10:A9:63', NULL, 20, NULL, 0, 1, '6.3', 218, 0, NULL),
(317, 0, 'A160', '10.70.123.60', 'E0:63:DA:62:31:8A', NULL, 20, NULL, 0, 1, '6.2', 219, 0, NULL),
(318, 0, 'test_249', '10.70.123.249', 'E0:63:DA:DA:8F:1D', 'k.121', 20, NULL, 0, 0, '6.3', NULL, 0, NULL),
(319, 0, 'A162', '10.70.123.62', 'E0:63:DA:12:A6:7F', 'A162', 25, NULL, 0, 1, '6.2', 222, 0, NULL),
(320, 0, 'test_243', '10.70.123.243', 'E0:63:DA:62:2B:FD', 'k.121', 25, 'от Карпова - ЗИП для BlastMaker', 0, 0, '6.3', NULL, 0, NULL),
(321, 0, 'EX1', '10.70.123.89', 'E0:63:DA:DA:8E:45', 'EX1', 20, NULL, 0, 1, '6.3', 87, 0, NULL),
(322, 0, 'test_247', '10.70.123.247', 'E0:63:DA:DA:8F:21', 'k.121', 20, NULL, 0, 0, '6.3', NULL, 0, NULL),
(323, 0, 'SZM103st', '10.70.124.227', 'E0:63:DA:DA:16:E7', 'szm-103', 20, NULL, 0, 0, '6.3', 224, 0, NULL),
(324, 0, 'SZM103ap', '10.70.124.228', 'E0:63:DA:DA:15:E2', 'SZM103', 20, NULL, 0, 0, '6.3', NULL, 0, NULL),
(325, 0, 'Drill005st', '10.70.124.57', 'E0:63:DA:62:95:D4', NULL, 20, NULL, 0, 0, '6.3', 226, 0, NULL),
(326, 0, 'SZM104ap', '10.70.124.233', 'E0:63:DA:DA:15:C3', NULL, 20, NULL, 0, 0, '6.3', NULL, 0, NULL),
(327, 0, 'szm104st', '10.70.124.232', 'E0:63:DA:DA:15:C4', NULL, 20, NULL, 0, 0, '6.3', 225, 0, NULL),
(328, 0, 'drill007_st', '10.70.124.77', 'E0:63:DA:62:98:3C', NULL, 20, NULL, 0, 1, '6.2', 227, 0, NULL),
(329, 0, 'drill007_ap', '10.70.124.78', 'E0:63:DA:62:99:2D', NULL, 20, NULL, 0, 0, '5.5', NULL, 0, NULL);

--
-- Дамп данных таблицы `modems_test`
--

INSERT INTO `modems_test` (`id_modem`, `is_access_point`, `name`, `ip_address`, `mac_address`, `place_install`, `power`, `prim`, `color`, `online`) VALUES
(1, 0, 'EX146', '10.70.123.86', '00:27:22:66:6C:06', 'EX146', 20, 'Переустановлен с ЕХ133 26.03.13', 0, 1),
(5, 0, 'A100', '10.70.123.1', '00:27:22:AA:59:AE', 'A100', 20, '', 16777215, 1),
(6, 0, 'A102', '10.70.123.2', '00:27:22:AA:57:23', 'A102', 20, '', 16777215, 1);

--
-- Дамп данных таблицы `planned_works`
--

INSERT INTO `planned_works` (`id`, `equipment`, `workname`, `status`, `lastActionsDate`, `CreatedDate`, `comments`, `userid`, `groupid`, `access`) VALUES
(1, 5, 'Тест', 1, '2018-12-25 00:00:00', '2018-12-25 00:00:00', 'Комментарий', 1, 1, 2);

--
-- Дамп данных таблицы `ptx`
--

INSERT INTO `ptx` (`id_ptx`, `id_modem`, `serial`, `ip_address`, `os_ver`, `dispatch_ver`, `oem_driver_ver`, `prim`, `mac_address`, `id_equipment`) VALUES
(1, 14, '384311 151583', '10.70.122.39', '2.00 NAND_MAIN Image', 'DElite 6.3.69 ', 'OemDrivers 5.1.1.190 \r', NULL, '00:80:07:00:87:2e', 135),
(2, 208, '384311 151525', '10.70.122.52', '2.10 NAND_MAIN Image', 'DElite 6.3.69 ', 'OemDrivers 4.9.58 ', NULL, '00:80:07:00:87:61', 160),
(3, 209, '381313 166715', '10.70.122.123', '2.00 NAND_MAIN Image', 'DElite 6.3.69 ', 'OemDrivers 4.9.205 ', NULL, '00:80:07:00:86:2f', 161),
(4, 46, '384311 151522', '10.70.122.119', '2.12.3 NAND_MAIN Image', 'DElite 6.3.69 ', 'OemDrivers 5.1.1.X\r', 'Снято с A104 14.11.2012. Часто Dispatch Boot Mode. Установлено 14.12.12. 25.02.13 нет звука-снят. Отправлен в ремонт 09.10.2013 - нет звука.', '00:80:07:00:90:c2', 149),
(5, NULL, '384311 151530', '10.70.122.82', '2.10 NAND_MAIN Image', 'DElite 6.3.69 ', 'OemDrivers 5.1.1.190 \r', NULL, '00:80:07:00:86:fc', NULL),
(6, 29, '384311 151519', '10.70.122.25', '2.12.3 NAND_MAIN Image', 'DElite 6.3.69 ', 'OemDrivers 5.1.1.273 \r', '', '00:80:07:00:87:42', 29),
(7, 147, '384311 151531', '10.70.122.37', '2.00 NAND_MAIN Image', 'DElite 6.3.69 ', 'OemDrivers 5.1.1.X\r', '', '00:80:07:00:87:84', 101),
(8, 40, '384311 151532', '10.70.122.85', '2.12.3 NAND_MAIN Image', 'DElite 6.3.69 ', 'OemDrivers 5.1.1.190 \r', NULL, '00:80:07:00:b4:f4', 40),
(9, 173, '384311 151550', '10.70.122.96', '2.00 NAND_MAIN Image', 'DElite 6.3.69 ', 'OemDrivers 5.1.1.190 \r', '', '00:80:07:00:8f:7e', 119),
(10, 285, '384311 151537', '10.70.122.125', '2.10 NAND_MAIN Image', 'DElite 6.3.69 ', 'OemDrivers 5.1.1.230 \r', NULL, '00:80:07:00:96:0a', 216),
(11, NULL, '384311 151565', '10.70.122.82', '2.00 NAND_MAIN Image', 'DElite 6.3.69 ', 'OemDrivers 5.1.1.190 \r', 'снято с А111 14.12.12. Не работает сом1. После ремонта 11.01.13 установлен на А116', '00:80:07:00:87:06', NULL),
(12, 52, '384311 151594', '10.70.122.82', '2.10 NAND_MAIN Image', 'DElite 6.3.69 ', ' Not installed', 'Снят с А112 05.12.12 - нет звука. Отремонтирован. Установлен на А126 23.01.13. Снят в ремонт - тихий звук. Отремонтирован. Установлен на А119 12.03.13.', '00:80:07:00:9b:0b', NULL),
(13, NULL, '384311 151581', '10.70.122.82', '2.00 NAND_MAIN Image', 'DElite 6.3.69 ', 'OemDrivers 5.1.1.230 \r', NULL, '00:80:07:00:85:03', NULL),
(14, 6, '384311 151556', '10.70.122.2', '2.00 NAND_MAIN Image', 'DElite 6.3.69 ', ' Not installed', 'Нет звука. Снят с А114 01.02.13.', '00:80:07:00:87:a8', 6),
(15, 9, '384311 151578', '10.70.122.31', '2.00 NAND_MAIN Image', 'DElite 6.3.69 ', 'OemDrivers 5.1.1.230 ', NULL, '00:80:07:00:87:97', 67),
(16, 30, '384311 151572', '10.70.122.26', '2.12.3 NAND_MAIN Image', 'DElite 6.3.69 ', 'OemDrivers 5.1.1.230 \r', 'Установлен на А102 после ремонта 11.01.13', '00:80:07:00:b5:14', 30),
(17, 243, '384311 151529', '10.70.122.57', '2.00 NAND_MAIN Image', 'DElite 6.3.69 ', 'OemDrivers 4.9.205 ', NULL, '00:80:07:00:86:f8', 212),
(18, NULL, '384311 151536', '10.70.122.82', '2.12.3 NAND_MAIN Image', 'DElite 6.3.69 ', 'OemDrivers 5.1.1.273 \r', NULL, '00:80:07:00:96:da', NULL),
(19, 39, '381614 180866', '10.70.122.63', '2.14.2 NAND_MAIN Image', 'DispatchApp 6.6.1.2242', 'OemDrivers 5.1.1.299', 'Получен 04.12.2017 и установлен на А127', '00:80:07:00:ad:d6', 47),
(20, NULL, '384311 151579', '10.70.122.82', '2.10 NAND_MAIN Image', 'DElite 6.3.71 ', 'OemDrivers 5.1.1.X\r', NULL, '00:80:07:00:8e:d7', NULL),
(21, 205, '380212 153622', '10.70.122.49', '2.00 NAND_MAIN Image', 'DElite 6.3.69 ', 'OemDrivers 4.9.58 ', NULL, '00:80:07:00:8b:d7', 157),
(22, 190, '384311 151535', '10.70.122.94', '2.00 NAND_MAIN Image', 'DElite 6.3.69 ', 'OemDrivers 4.9.205 ', NULL, '00:80:07:00:96:09', 150),
(23, NULL, '384311 151533', '10.70.122.82', '2.10 NAND_MAIN Image', 'DElite 6.3.69 ', 'OemDrivers 5.1.1.273 \r', 'переставлен с А123 28.12.12. Потух и снят с А126 23.01.2012. Отремонтирован и установлен на A109 07.02.2013', '00:80:07:00:87:62', NULL),
(24, 263, '384311 151568', '10.70.122.81', '2.10 NAND_MAIN Image', 'DElite 6.3.69 ', 'OemDrivers 5.1.1.190 \r', NULL, '00:80:07:00:86:ca', 56),
(25, NULL, '381614 180883', '10.70.122.82', '2.12.3 NAND_MAIN Image', 'DispatchApp 6.6.1.2242', 'OemDrivers 5.1.1.299', 'Получен 04.12.2017 и установлен на А125', '00:80:07:00:ac:00', NULL),
(26, 146, '384311 151566', '10.70.122.5', '2.00 NAND_MAIN Image', 'DElite 6.3.69 ', 'OemDrivers 5.1.1.190 \r', 'переставлен с А126 на А123 28.12.12. Снят в ремонт 17.01.13 - часто бут мод. Установлен после ремонта на А107 05.02.13', '00:02:b3:c3:5f:11', 9),
(27, NULL, '384311 151602', '10.70.122.82', '2.00 NAND_MAIN Image', 'DElite 6.3.69 ', 'OemDrivers 5.1.1.X\r', 'Установлен на ЕХ5 30.04.14', '00:80:07:00:87:71', NULL),
(28, 33, '384311 151588', '10.70.122.29', '2.10 NAND_MAIN Image', 'DElite 6.3.69 ', 'OemDrivers 5.1.1.190 \r', 'Не работает динамик. Снято 05.11.2012. Установлено на A104 14.11.2012. Снято 19.11.12. Установлено 14-12-12', '00:80:07:00:86:4a', 33),
(29, NULL, '384311 151606', '10.70.122.82', '2.12.3 NAND_MAIN Image', 'DElite 6.3.69 ', 'OemDrivers 5.1.1.273 \r', '', '00:80:07:00:86:a5', NULL),
(30, 319, '384311 151526', '10.70.122.62', '2.00 NAND_MAIN Image', 'DElite 6.3.69 ', 'OemDrivers 5.1.1.259 \r', NULL, '00:80:07:00:87:6c', 222),
(31, 51, '384311 151577', '10.70.122.60', '2.00 NAND_MAIN Image', 'DElite 6.3.69 ', 'OemDrivers 5.1.1.X\r', NULL, '00:80:07:00:84:fe', 51),
(32, 207, '384311 151561', '10.70.122.51', '2.00 NAND_MAIN Image', 'DElite 6.3.69 ', 'OemDrivers 5.1.1.190 \r', 'Снят с ЕХ123 и установлен на А112 05.12.12', '00:80:07:00:87:40', 159),
(33, 50, '384311 151611', '10.70.122.66', NULL, NULL, NULL, 'Бывший EX128. Установлен на EX130 15.11.2012', '00:80:07:00:86:23', 50),
(34, NULL, '384311 151630', '10.70.122.82', '2.12.3 NAND_MAIN Image', 'DElite 6.3.69 ', 'OemDrivers 5.1.1.190 \r', NULL, '00:80:07:00:87:79', NULL),
(35, 48, '384311 151567', '10.70.122.64', '2.00 NAND_MAIN Image', 'DElite 6.3.69 ', 'OemDrivers 5.1.1.X\r', NULL, '00:80:07:00:86:ce', 48),
(36, 31, '384311 151560', '10.70.122.27', '2.00 NAND_MAIN Image', 'DElite 6.3.71 ', 'OemDrivers 4.9.205 ', 'Бывший ЕХ134. Установлен 02.01.2013', '00:80:07:00:86:d5', 31),
(37, 55, '384311 151598', '10.70.122.80', NULL, NULL, NULL, NULL, NULL, 55),
(38, NULL, '384311 151590', '10.70.122.82', '2.00 NAND_MAIN Image', 'DElite 6.3.69 ', 'OemDrivers 5.1.1.X\r', NULL, '00:80:07:00:87:38', NULL),
(39, 25, '384311 151558', '10.70.122.42', '2.12.3 NAND_MAIN Image', 'DElite 6.3.69 ', 'OemDrivers 5.1.1.190 \r', '06.11.14 Снят с EX4 для отправки в ремонт по звуку', '00:80:07:00:87:a3', 147),
(41, 202, '384311 151613', '10.70.122.122', '2.00 NAND_MAIN Image', 'DElite 6.3.69 ', 'OemDrivers 5.1.1.190 \r', NULL, '00:80:07:00:87:2c', 154),
(42, 34, '384311 151603', '10.70.122.30', '2.12.3 NAND_MAIN Image', 'DElite 6.3.69 ', 'OemDrivers 5.1.1.190 \r', 'После ремонта по звуку. Установлен на А114 01.02.13. 06.11.14 снят на ремонт по звуку', '00:80:07:00:87:2a', 34),
(45, 239, '384311 151609', '10.70.122.84', '2.00 NAND_MAIN Image', 'DElite 6.3.69 ', ' Not installed', NULL, '00:80:07:00:86:39', 46),
(46, 26, '384311 151474', '10.70.122.43', '2.00 NAND_MAIN Image', 'DElite 6.3.69 ', 'OemDrivers 5.1.1.X', NULL, '00:80:07:00:87:89', 148),
(47, 248, '384311 151564', '10.70.122.98', '2.00 NAND_MAIN Image', 'DElite 6.3.69 ', 'OemDrivers 5.1.1.X\r', NULL, '00:80:07:00:87:27', 127),
(48, 167, '384311 151582', '10.70.122.68', '1', 'DElite 6.3.56', ' Not installed', NULL, '00:80:07:00:84:ff', 54),
(49, 195, '384311 151601', '10.70.122.113', '2.12.3 NAND_MAIN Image', 'DElite 6.3.69 ', ' Not installed', NULL, '00:80:07:00:84:98', 143),
(50, 189, '384311 151540', '10.70.122.100', '2.10 NAND_MAIN Image', 'DElite 6.3.69 ', 'OemDrivers 5.1.1.X\r', NULL, '00:80:07:00:87:09', 131),
(51, NULL, '384311 151534', '10.70.122.82', '2.00 NAND_MAIN Image', 'DElite 6.3.69 ', ' Not installed', NULL, '00:80:07:00:87:66', NULL),
(53, 160, '384311 151569', '10.70.122.93', '2.00 NAND_MAIN Image', 'DElite 6.3.71 ', 'OemDrivers 4.9.205 ', 'Бывший EX145', '00:80:07:14:fd:44', 97),
(54, 169, '384311 151585', '10.70.122.88', '2.10 NAND_MAIN Image', 'DElite 6.3.69 ', 'OemDrivers 4.9.58 ', NULL, '00:80:07:00:86:f3', 115),
(55, 10, '384311 151571', '10.70.122.40', '2.11 NAND_MAIN Image', 'DElite 6.3.69 ', 'OemDrivers 5.1.1.190 \r', 'пришел из ремонта 23.11.12. Нет звука снят 11.01.13. Отремонтирован. Установлен на А104 12.03.13.', '00:80:07:00:ad:c7', 137),
(57, 145, '380212 153580', '10.70.122.36', NULL, NULL, NULL, NULL, NULL, 75),
(59, 165, '384311 151554', '10.70.122.62', '2.12.3 NAND_MAIN Image', 'DElite 6.3.71 ', 'OemDrivers 5.1.1.190 \r', NULL, '00:80:07:00:87:a4', 113),
(63, 206, '384311 151605', '10.70.122.50', '2.12.3 NAND_MAIN Image', 'DElite 6.3.71 ', 'OemDrivers 5.1.1.X\r', NULL, '00:80:07:00:86:a7', 158),
(65, 171, '383513 172264', '10.70.122.95', '2.11 NAND_MAIN Image', 'DElite 6.3.71 ', 'OemDrivers 5.1.1.273 \r', '06.11.14 Снят с EX1 для отправки в ремонт по зависанию', '00:80:07:00:ad:c3', 117),
(67, 203, '383513 172260', '10.70.122.47', '2.00 NAND_MAIN Image', 'DElite 6.3.71 ', 'OemDrivers 4.9.58 ', NULL, '00:80:07:00:96:da', 155),
(69, NULL, '383513 172239', '10.70.122.82', '2.12.3 NAND_MAIN Image', 'DElite 6.3.69 ', 'OemDrivers 5.1.1.230 \r', '06.11.14 Установлен на А114 после ремонта по зависанию\n18.11.14 Снят с А114. Проблема зависания не устранена. Появилась проблема самопроизвольного нажатия сенсора при вибрации', '00:80:07:00:af:1e', NULL),
(71, 199, '383513 172278', '10.70.122.45', '2.10 NAND_MAIN Image', 'DElite 6.3.69 ', 'OemDrivers 4.9.58 ', '06.11.14 Установлен на EX1 после ремонта по зависанию', '00:80:07:00:a5:00', 152),
(73, 321, '381313 166587', '10.70.122.89', '2.12.3 NAND_MAIN Image', 'DElite 6.3.71 ', 'OemDrivers 5.1.1.230 ', NULL, '00:80:07:00:af:30', 87),
(75, 280, '381313 166597', '10.70.122.33', '2.10 NAND_MAIN Image', 'DElite 6.3.69 ', 'OemDrivers 4.9.205 ', '06.11.14 Установлен на EX4 после ремонта по звуку и зависанию', '00:80:07:00:9b:2e', 79),
(77, 158, '381313 166581', '10.70.122.92', '2.10 NAND_MAIN Image', 'DElite 6.3.69 ', 'OemDrivers 5.1.1.273 \r', NULL, '00:80:07:00:7e:3e', 95),
(79, 193, '383513 172280', '10.70.122.19', '2.00 NAND_MAIN Image', 'DElite 6.3.69 ', 'OemDrivers 4.9.205 ', 'Установлен на А105 22.05.14', '00:80:07:00:8f:02', 23),
(81, 12, '383513 172277', '10.70.122.32', '2.10 NAND_MAIN Image', 'DElite 6.3.69 ', 'OemDrivers 4.9.58 ', NULL, NULL, 69),
(85, 36, '383513 172233', '10.70.122.35', '2.12.3 NAND_MAIN Image', 'DElite 6.3.71 ', 'OemDrivers 5.1.1.190 \r', 'Установлен 11.09.2014 на А137. 18.11.2014 Установлен после ремонта на А114', '00:80:07:00:af:1b', 73),
(87, NULL, '380314 177005', '10.70.122.82', NULL, NULL, NULL, 'РТХ "ИЗ-КОРТЕКС" REV. G', NULL, NULL),
(91, 232, '380314 176888', '10.70.122.54', NULL, NULL, NULL, NULL, NULL, 184),
(93, 175, '380314 176851', '10.70.122.99', NULL, NULL, NULL, NULL, '00:80:07:00:a8:ec', 129),
(97, 200, '381614 180825', '10.70.122.46', NULL, NULL, NULL, 'Получен со склада АТУ для монтажа на новый белаз', NULL, 153),
(98, 204, '381614 180874', '10.70.122.48', NULL, NULL, NULL, 'Получен 11.03.19 со склада АТУ для установки на новый А148', NULL, 156),
(99, 57, '381614 180880', '10.70.122.90', NULL, NULL, NULL, 'Получен 22.05.19 со склада РУ для установки на ЕХ4', NULL, 89),
(100, 24, 'ZDL0247772', '10.70.122.38', NULL, NULL, NULL, NULL, NULL, 133),
(101, 231, 'ZDL0251243', '10.70.122.53', NULL, NULL, NULL, NULL, NULL, 183),
(102, 198, 'ZDL0251214', '10.70.122.44', NULL, NULL, NULL, NULL, NULL, 151),
(103, NULL, 'ZDL0251224', '10.70.122.82', NULL, NULL, NULL, NULL, NULL, NULL),
(104, 233, '381614 180888', '10.70.122.55', '2.14.2 NAND_MAIN Image', 'DispatchApp 6.6.1.2242', 'OemDrivers 5.1.1.299', 'Получили со склада РУ 27.03.2020 для установки на EX17 китайца', '00:80:07:00:AD:DD', 185),
(105, 268, 'ZDL0265991', '10.70.122.56', NULL, NULL, NULL, NULL, NULL, 211),
(106, 11, 'ZDL0265989', '10.70.122.41', NULL, NULL, NULL, NULL, NULL, 146),
(107, 270, 'ZDL0266002', '10.70.122.58', NULL, NULL, NULL, NULL, '00:80:07:01:32:50', 213),
(108, 21, 'ZDL0247785', '10.70.122.114', NULL, NULL, NULL, 'Получили 09.10.2020 со склада АТУ для установки на ЕХ454', NULL, 139),
(109, 240, 'ZDL0251004', '10.70.122.124', NULL, NULL, NULL, NULL, NULL, 186),
(110, 317, 'ZDL0271779', '10.70.122.60', NULL, NULL, NULL, 'получено 26.07.2021 для установки на А159 (или А160 или А161)', NULL, 219),
(111, 316, 'ZDL0271736', '10.70.122.59', NULL, NULL, NULL, 'получено 26.07.2021 для установки на А159 (или А160 или А161)', NULL, 218),
(112, 315, 'ZDL0271784', '10.70.122.61', NULL, NULL, NULL, NULL, NULL, 220),
(113, 314, 'ZDL0280593', '10.70.122.120', '1.0.41', NULL, NULL, 'EX449', NULL, 223);

--
-- Дамп данных таблицы `ptx_history`
--

INSERT INTO `ptx_history` (`id`, `id_ptx`, `datetime`, `info`, `place_install`, `place_install_new`) VALUES
(1, 16, '2015-04-02 09:09:12', 'Не регулируется яркость экрана меньше 10% - сразу выключается', 'A119', 'Участок АСУГТК'),
(3, 39, '2015-04-02 09:09:12', 'Замена неисправного', 'Участок АСУГТК', 'A119'),
(5, 14, '2015-04-09 07:50:25', 'Плохо срабатывает сенсор. Акт 80. ', 'EX145', 'Участок АСУГТК'),
(7, 4, '2015-04-09 07:50:25', 'Замена неисправного', 'Участок АСУГТК', 'EX145'),
(9, 53, '2015-04-13 15:40:27', 'Не загружается диспатч. Пропадает сеть. Акт 81.', 'A133', 'Участок АСУГТК'),
(11, 29, '2015-04-13 15:40:27', 'Замена неисправного', 'Участок АСУГТК', 'A133'),
(13, 53, '2015-04-16 10:00:00', 'Установка на EX132 (не было комплекта)', 'Участок АСУГТК', 'EX132'),
(15, 59, '2015-04-20 12:00:00', 'Установка на EX128 (не было комплекта)', 'Участок АСУГТК', 'EX128'),
(19, 48, '2015-04-20 12:00:00', 'Снятие с EX127 - списание ЭКГ', 'EX127', 'Участок АСУГТК'),
(21, 48, '2015-04-21 12:00:00', 'Установка на EX143 (не было комплекта)', 'Участок АСУГТК', 'EX143'),
(23, 54, '2015-04-22 10:00:00', 'Установка на EX147 (не было комплекта)', 'Участок АСУГТК', 'EX147'),
(25, 3, '2015-05-02 08:13:54', 'Нет звука. Акт 82.', 'A113', 'Участок АСУГТК'),
(27, 42, '2015-05-02 08:13:54', 'Замена неисправного', 'Участок АСУГТК', 'A113'),
(29, 17, '2015-05-18 10:20:00', 'Установка на EX141 (не было комплекта)', 'Участок АСУГТК', 'EX141'),
(39, 81, '2015-05-29 22:48:33', 'Самопроизовльно срабатывает нажатие сенсора', 'A127', 'Участок АСУГТК'),
(41, 55, '2015-05-29 22:48:33', 'Замена неисправного', 'Участок АСУГТК', 'A127'),
(43, 40, '2015-06-07 11:30:48', 'Не загружается PTX', 'EX144', 'Участок АСУГТК'),
(45, 63, '2015-06-07 11:30:48', 'Замена неисправного', 'Участок АСУГТК', 'EX144'),
(47, 93, '2015-06-08 11:29:02', 'РТХ отсутствовал.', 'Участок АСУГТК', 'EX122'),
(49, 17, '2015-06-08 11:30:27', 'Установка выписанного PTX', 'EX141', 'Участок АСУГТК'),
(51, 91, '2015-06-08 11:30:27', 'Замена неисправного', 'Участок АСУГТК', 'EX141'),
(53, 67, '2015-06-13 09:41:58', 'Нет звука из системного динамика', 'A137', 'Участок АСУГТК'),
(55, 14, '2015-06-13 09:41:58', 'Замена неисправного', 'Участок АСУГТК', 'A137'),
(57, 18, '2015-07-03 22:08:31', 'Акт 88 от 03.07.15 Пропадает сигнал GPS', 'A118', 'Участок АСУГТК'),
(59, 6, '2015-07-03 22:08:31', 'Замена неисправного', 'Участок АСУГТК', 'A118'),
(61, 75, '2015-07-07 11:42:16', 'Плохо срабатывает сенсор', 'EX4', 'Участок АСУГТК'),
(63, 16, '2015-07-07 11:42:16', 'Замена неисправного', 'Участок АСУГТК', 'EX4'),
(65, 1, '2015-07-25 11:05:06', 'Акт 90. Не поступают данные от порта СОМ1', 'A100', 'Участок АСУГТК'),
(67, 18, '2015-07-25 11:05:06', 'Замена неисправного', 'Участок АСУГТК', 'A100'),
(69, 24, '2015-08-08 08:55:42', 'Акт №92. Нет питания на радиоустройство', 'A132', 'Участок АСУГТК'),
(71, 81, '2015-08-08 08:55:42', 'Замена неисправного', 'Участок АСУГТК', 'A132'),
(73, 93, '2015-09-01 10:43:16', 'Не загружается', 'EX122', 'Участок АСУГТК'),
(75, 17, '2015-09-01 10:43:16', 'Замена неисправного', 'Участок АСУГТК', 'EX122'),
(77, 46, '2015-09-08 13:14:54', 'Демонтаж экскаватора.', 'EX125', 'Участок АСУГТК'),
(79, 42, '2015-09-21 12:57:11', 'Нет передачи данных по CAN', 'A113', 'Участок АСУГТК'),
(81, 40, '2015-09-21 12:57:11', 'Замена неисправного', 'Участок АСУГТК', 'A113'),
(83, 12, '2015-09-26 07:45:04', 'Не регулируется яркость. Акт 97 от 28.09.15', 'A104', 'Участок АСУГТК'),
(85, 46, '2015-09-26 07:45:04', 'Замена неисправного', 'Участок АСУГТК', 'A104'),
(87, 23, '2015-10-15 13:05:49', 'Нет передачи данных по CAN', 'A131', 'Участок АСУГТК'),
(89, 12, '2015-10-15 13:05:49', 'Замена неисправного', 'Участок АСУГТК', 'A131'),
(91, 38, '2015-10-29 15:24:12', 'Не загружается РТХ', 'EX118', 'Участок АСУГТК'),
(93, 42, '2015-10-29 15:24:12', 'Замена неисправного', 'Участок АСУГТК', 'EX118'),
(95, 39, '2015-11-17 00:30:15', 'Тихий звук из системного динамика при максимальной громкости', 'A119', 'Участок АСУГТК'),
(97, 93, '2015-11-17 00:30:15', 'Замена неисправного', 'Участок АСУГТК', 'A119'),
(99, 18, '2015-07-26 10:30:00', 'Отсутствует сигнал GPS при заведомо исправной антенне', 'A100', 'Участок АСУГТК'),
(101, 67, '2015-07-26 10:30:00', 'Замена неисправного', 'Участок АСУГТК', 'A100'),
(103, 93, '2015-11-24 14:27:34', 'Яркость дисплея не устанавливается меньше 10 %', 'A119', 'Участок АСУГТК'),
(105, 3, '2015-11-24 14:27:34', 'Замена неисправного', 'Участок АСУГТК', 'A119'),
(107, 3, '2015-12-08 12:08:05', 'Не регулируется яркость акт 103', 'A119', 'Участок АСУГТК'),
(109, 1, '2015-12-08 12:08:05', 'Замена неисправного', 'Участок АСУГТК', 'A119'),
(111, 55, '2015-12-19 10:27:22', 'Акт 105. Плохо срабатывает сенсор.', 'A127', 'Участок АСУГТК'),
(113, 3, '2015-12-19 10:27:22', 'Замена неисправного', 'Участок АСУГТК', 'A127'),
(115, 27, '2016-02-02 14:05:04', 'Акт №107 - не загружается Dispatch (частые перезагрузки по ignition)', 'EX5', 'Участок АСУГТК'),
(117, 23, '2016-02-02 14:05:04', 'Замена неисправного', 'Участок АСУГТК', 'EX5'),
(119, 24, '2016-02-08 12:36:29', 'Установка комплекта', 'Участок АСУГТК', 'EX129'),
(121, 16, '2016-02-25 09:28:31', 'акт 108 от 25.02.16 - зависает, перезагружается, кнопки не нажимаются', 'EX4', 'Участок АСУГТК'),
(123, 27, '2016-02-25 09:28:31', 'Замена неисправного', 'Участок АСУГТК', 'EX4'),
(125, 30, '2016-03-04 09:36:50', 'Не загружается', 'A130', 'Участок АСУГТК'),
(127, 18, '2016-03-04 09:36:50', 'Замена неисправного', 'Участок АСУГТК', 'A130'),
(129, 40, '2016-03-10 11:35:16', 'Трещины на экране', 'A113', 'Участок АСУГТК'),
(131, 30, '2016-03-10 11:35:16', 'Замена неисправного', 'Участок АСУГТК', 'A113'),
(133, 63, '2016-03-26 16:25:14', 'Не запускается и не устанавливается Dispatch', 'EX144', 'Участок АСУГТК'),
(135, 39, '2016-03-26 16:25:14', 'Замена неисправного', 'Участок АСУГТК', 'EX144'),
(137, 45, '2016-04-12 15:11:54', 'Демонтаж - списание ЭКГ', 'EX121', 'Участок АСУГТК'),
(139, 45, '2016-04-28 12:19:01', 'РТХ отсутствовал. Установка комплекта', 'Участок АСУГТК', 'EX130'),
(141, 3, '2016-05-03 00:00:17', 'Нет напряжения на Bullet Акт 115', 'A127', 'Участок АСУГТК'),
(143, 16, '2016-05-03 00:00:17', 'Замена неисправного', 'Участок АСУГТК', 'A127'),
(145, 8, '2016-05-30 15:53:18', 'Не загружается РТХ. Возможно, не работает COM1.', 'A114', 'Участок АСУГТК'),
(147, 75, '2016-05-30 15:53:18', 'Замена неисправного', 'Участок АСУГТК', 'A114'),
(149, 30, '2016-06-14 12:34:06', 'Нет данных от датчика топлива', 'A113', 'Участок АСУГТК'),
(151, 55, '2016-06-14 12:34:06', 'Замена неисправного', 'Участок АСУГТК', 'A113'),
(153, 17, '2016-07-05 12:15:22', 'Демонтаж комплекта из-за списания ЭКГ.', 'EX122', 'Участок АСУГТК'),
(155, 93, '2016-07-15 14:32:29', 'Комплект отсутствовал.', 'Участок АСУГТК', 'EX138'),
(157, 65, '2016-07-16 16:51:38', 'Обломалась центральная часть коннектора GPS', 'A105', 'Участок АСУГТК'),
(159, 8, '2016-07-16 16:51:38', 'Замена неисправного', 'Участок АСУГТК', 'A105'),
(161, 30, '2016-08-19 14:34:29', 'комплект отсутствовал.', 'Участок АСУГТК', 'EX139'),
(163, 45, '2016-08-23 12:16:52', 'Демонтаж на время длительного ремонта.', 'EX130', 'Участок АСУГТК'),
(165, 16, '2016-08-26 14:42:49', 'Не поступают данные от порта COM1', 'A127', 'Участок АСУГТК'),
(167, 3, '2016-08-26 14:42:49', 'Замена неисправного', 'Участок АСУГТК', 'A127'),
(169, 2, '2016-09-24 20:50:05', 'Часто перезагружается РТХ, акт №122', 'A122', 'Участок АСУГТК'),
(171, 40, '2016-09-24 20:50:05', 'Замена неисправного', 'Участок АСУГТК', 'A122'),
(173, 79, '2016-09-30 16:04:54', 'Акт №123 - ложные срабатывания события разгрузки от СКЗ ВИСТ', 'A101', 'Участок АСУГТК'),
(175, 63, '2016-09-30 16:04:54', 'Замена неисправного', 'Участок АСУГТК', 'A101'),
(177, 3, '2016-09-30 23:07:57', 'Акт №125 - Развалился разъем GPS на РТХ', 'A127', 'Участок АСУГТК'),
(179, 38, '2016-09-30 23:07:57', 'Замена неисправного', 'Участок АСУГТК', 'A127'),
(181, 49, '2016-10-14 14:36:55', 'Периодически зависает. Акт 126', 'A124', 'Участок АСУГТК'),
(183, 79, '2016-10-14 14:36:55', 'Замена неисправного', 'Участок АСУГТК', 'A124'),
(185, 45, '2016-11-21 12:23:40', 'Установка после кап.ремонта. РТХ отсутствовал.', 'Участок АСУГТК', 'EX130'),
(187, 10, '2016-11-30 08:02:45', 'Акт 128 от 30.11.16 - нет сигнала GPS', 'A136', 'Участок АСУГТК'),
(189, 65, '2016-11-30 08:02:45', 'Замена неисправного', 'Участок АСУГТК', 'A136'),
(191, 67, '2016-12-16 09:28:19', 'Акт 130. Не поступают данные от СОМ1', 'A100', 'Участок АСУГТК'),
(193, 10, '2016-12-16 09:28:19', 'Замена неисправного', 'Участок АСУГТК', 'A100'),
(195, 18, '2016-12-17 22:25:51', 'Не загружается PTX. Акт 131', 'A130', 'Участок АСУГТК'),
(197, 67, '2016-12-17 22:25:51', 'Замена неисправного', 'Участок АСУГТК', 'A130'),
(199, 65, '2017-01-11 12:33:45', 'нет сигнала GPS', 'A136', 'Участок АСУГТК'),
(201, 2, '2017-01-11 12:33:45', 'Замена неисправного', 'Участок АСУГТК', 'A136'),
(203, 79, '2017-01-12 21:15:00', 'Акт 133 - Треснуло стекло в районе значка GPS', 'A124', 'Участок АСУГТК'),
(205, 18, '2017-01-12 21:15:00', 'Замена неисправного', 'Участок АСУГТК', 'A124'),
(207, 63, '2017-01-19 11:27:48', 'Не поступают данные от СКЗ ВИСТ по CAN-шине', 'A101', 'Участок АСУГТК'),
(209, 3, '2017-01-19 11:27:48', 'Замена неисправного', 'Участок АСУГТК', 'A101'),
(211, 2, '2017-01-31 12:48:44', 'Плохо регулируется яркость', 'A136', 'Участок АСУГТК'),
(213, 63, '2017-01-31 12:48:44', 'Замена неисправного', 'Участок АСУГТК', 'A136'),
(215, 26, '2017-02-07 15:06:07', 'Списание авто', 'A107', 'Участок АСУГТК'),
(217, 50, '2017-01-13 11:16:44', 'Демонтаж - списание ЭКГ', 'EX142', 'Участок АСУГТК'),
(219, 50, '2017-02-21 11:17:27', 'Установка комплекта', 'Участок АСУГТК', 'EX131'),
(221, 11, '2017-02-23 22:27:48', 'Плохо срабатывает сенсор. Акт 136.', 'A116', 'Участок АСУГТК'),
(223, 79, '2017-02-23 22:27:48', 'Замена неисправного', 'Участок АСУГТК', 'A116'),
(225, 77, '2017-03-05 20:02:50', 'Не регулируется яркость на РТХ. Акт 137. ', 'A103', 'Участок АСУГТК'),
(227, 16, '2017-03-05 20:02:50', 'Замена неисправного', 'Участок АСУГТК', 'A103'),
(229, 10, '2017-03-10 09:57:08', 'Плохо срабатывает сенсор. Нет данных по CAN. Акт 138.', 'A100', 'Участок АСУГТК'),
(231, 65, '2017-03-10 09:57:08', 'Замена неисправного', 'Участок АСУГТК', 'A100'),
(233, 65, '2017-03-12 21:28:52', 'Плохо регулируется яркость. Размытое изображение. Акт 139.', 'A100', 'Участок АСУГТК'),
(235, 11, '2017-03-12 21:28:52', 'Замена неисправного', 'Участок АСУГТК', 'A100'),
(237, 26, '2017-03-14 12:56:22', 'Новый белаз - комплект отсутствовал.', 'Участок АСУГТК', 'A138'),
(239, 33, '2017-03-18 10:28:24', 'Не загружается операционная система WinCE. Акт 140 от 20.03.17', 'EX7', 'Участок АСУГТК'),
(241, 65, '2017-03-18 10:28:24', 'Замена неисправного', 'Участок АСУГТК', 'EX7'),
(243, 40, '2017-03-23 21:32:01', 'списание авто', 'A122', 'Участок АСУГТК'),
(245, 26, '2017-03-23 14:36:47', 'Акт 142. Не загружается РТХ', 'A138', 'Участок АСУГТК'),
(247, 40, '2017-03-23 14:36:47', 'Замена неисправного', 'Участок АСУГТК', 'A138'),
(249, 40, '2017-03-24 16:38:44', 'Акт 143. Мешает работе двигателя по CAN-шине', 'A138', 'Участок АСУГТК'),
(251, 26, '2017-03-24 16:38:44', 'Замена неисправного', 'Участок АСУГТК', 'A138'),
(253, 63, '2017-03-27 21:44:22', 'Акт 144. Не загружается операционная система WinCE', 'A136', 'Участок АСУГТК'),
(255, 2, '2017-03-27 21:44:22', 'Замена неисправного', 'Участок АСУГТК', 'A136'),
(257, 77, '2017-04-07 13:54:47', 'Новый белаз. Установка комплекта со списанной  А122.', 'Участок АСУГТК', 'A139'),
(259, 17, '2017-04-26 13:32:59', 'Новый Белаз. Установка комплекта', 'Участок АСУГТК', 'A140'),
(261, 36, '2017-05-04 23:17:36', 'Списание авто.', 'A121', 'Участок АСУГТК'),
(263, 36, '2017-05-04 23:21:20', 'Комплект отсутствовал.', 'Участок АСУГТК', 'EX454'),
(265, 49, '2017-05-11 15:48:01', 'Комплект отсутствовал', 'Участок АСУГТК', 'EX452'),
(267, 63, '2017-05-12 10:48:31', 'Комплект отсутствовал.', 'Участок АСУГТК', 'EX451'),
(269, 28, '2017-05-25 09:46:22', 'Не поступают данные от СКЗ ВИСТ по CAN-шине', 'A129', 'Участок АСУГТК'),
(271, 40, '2017-05-25 09:46:22', 'Замена неисправного', 'Участок АСУГТК', 'A129'),
(273, 51, '2017-06-06 09:58:59', 'Демонтаж комплекта', 'EX120', 'Участок АСУГТК'),
(275, 5, '2017-06-13 10:30:24', 'акт 147 - плохо срабатывает сенсор', 'A126', 'Участок АСУГТК'),
(277, 10, '2017-06-13 10:30:24', 'Замена неисправного', 'Участок АСУГТК', 'A126'),
(279, 5, '2017-07-19 10:15:02', 'Новый экскаватор. Комплект отсутствовал.', 'Участок АСУГТК', 'EX10'),
(281, 40, '2017-07-25 12:59:24', 'Нет данных PressurePro через Com 2', 'A129', 'Участок АСУГТК'),
(283, 28, '2017-07-25 12:59:24', 'Замена неисправного', 'Участок АСУГТК', 'A129'),
(284, 28, '2017-09-18 11:00:29', 'Тихий звук из системного динамика при максимально установленной громкости', 'A129', 'Участок АСУГТК'),
(285, 33, '2017-09-18 11:00:29', 'Замена неисправного', 'Участок АСУГТК', 'A129'),
(286, 13, '2017-09-24 00:30:12', 'Не включается экран  при светящемся индикаторе наличия входного напряжения.', 'A102', 'Участок АСУГТК'),
(287, 40, '2017-09-24 00:30:12', 'Замена неисправного', 'Участок АСУГТК', 'A102'),
(288, 48, '2017-10-11 15:35:41', 'Демонтаж на время ремонта.', 'EX143', 'Участок АСУГТК'),
(289, 12, '2017-10-16 15:05:13', 'Акт 152 от 16.10.2017 - нет данных по CAN', 'A131', 'Участок АСУГТК'),
(290, 51, '2017-10-16 15:05:13', 'Замена неисправного', 'Участок АСУГТК', 'A131'),
(291, 33, '2017-11-18 21:00:00', 'Акт 153 - нет звука', 'A129', 'Участок АСУГТК'),
(292, 28, '2017-11-18 21:00:00', 'Замена неисправного', 'Участок АСУГТК', 'A129'),
(293, 48, '2017-11-27 12:34:32', 'Комплект отсутствовал - снимали на время кап.ремонта', 'Участок АСУГТК', 'EX143'),
(294, 38, '2017-11-28 14:24:40', 'Демонтаж на время ремонта.', 'A127', 'Участок АСУГТК'),
(295, 38, '2017-11-28 14:24:58', 'РТХ отсутствовал. Временно установлен РТХ с А127. ', 'Участок АСУГТК', 'A141'),
(296, 41, '2017-11-29 08:03:33', 'Не загружается РТХ. Акт 155. Плохо срабатывает сенсор. Тихий звук.', 'A125', 'Участок АСУГТК'),
(297, 12, '2017-11-29 08:03:33', 'Замена неисправного', 'Участок АСУГТК', 'A125'),
(298, 19, '2017-12-04 12:45:53', 'комплект снимали для нового А141. установлен новый комплект, полученый со склада', 'Участок АСУГТК', 'A127'),
(299, 12, '2017-12-04 12:47:35', 'Комплект снят для установки на А142.', 'A125', 'Участок АСУГТК'),
(300, 12, '2017-12-04 13:44:37', 'Комплект отсутствовал. Установлен с А125.', 'Участок АСУГТК', 'A142'),
(301, 25, '2017-12-04 15:03:23', 'Комплект отсутствовал - снимали для установки на А142.', 'Участок АСУГТК', 'A125'),
(302, 16, '2017-12-11 10:38:28', 'Демонтаж комплекта - списание авто. Комплект сдан на склад АТУ.', 'A103', 'Участок АСУГТК'),
(303, 32, '2017-12-05 10:39:28', 'Комплект снят - списание авто. Комплект сдан на склад АТУ.', 'A112', 'Участок АСУГТК'),
(304, 32, '2017-12-15 08:48:55', 'Комплект с А112', 'Участок АСУГТК', 'A143'),
(305, 46, '2018-01-02 16:03:29', 'Демонтаж в связи со списанием автомобиля.', 'A104', 'Участок АСУГТК'),
(306, 87, '2018-01-17 08:49:26', 'Самопроизвольное срабатывание сенсора. Нет звука из системного динамика', 'EX9', 'Участок АСУГТК'),
(307, 46, '2018-01-17 08:49:26', 'Замена неисправного', 'Участок АСУГТК', 'EX9'),
(308, 37, '2018-02-09 22:13:50', 'Акт №158 от 12.02.18 - нет сигнала GPS', 'EX135', 'Участок АСУГТК'),
(309, 33, '2018-02-09 22:13:50', 'Замена неисправного', 'Участок АСУГТК', 'EX135'),
(310, 71, '2018-02-27 10:53:51', 'Акт 159 от 27.02.18 - РТХ не включается', 'EX1', 'Участок АСУГТК'),
(311, 13, '2018-02-27 10:53:51', 'Замена неисправного', 'Участок АСУГТК', 'EX1'),
(312, 18, '2018-03-20 21:03:07', 'РТХ не загружается. Акт 160.', 'A124', 'Участок АСУГТК'),
(313, 37, '2018-03-20 21:03:07', 'Замена неисправного', 'Участок АСУГТК', 'A124'),
(314, 19, '2018-03-28 22:17:02', 'Не загружается. Акт №161.', 'A127', 'Участок АСУГТК'),
(315, 18, '2018-03-28 22:17:02', 'Замена неисправного', 'Участок АСУГТК', 'A127'),
(316, 7, '2018-04-04 12:14:13', 'Демонтаж на время ремонта.', 'EX146', 'Участок АСУГТК'),
(317, 37, '2018-04-15 10:48:58', 'Не регулируется громкость звука. Акт 162.', 'A124', 'Участок АСУГТК'),
(318, 71, '2018-04-15 10:48:58', 'Замена неисправного', 'Участок АСУГТК', 'A124'),
(319, 7, '2018-05-25 10:10:47', 'РТХ отсутствовал.', 'Участок АСУГТК', 'EX146'),
(320, 4, '2018-06-08 13:41:02', 'Демонтаж на время ремонта.', 'EX145', 'Участок АСУГТК'),
(321, 53, '2018-06-13 22:35:17', 'Акт 165. Мигает дисплей.', 'EX132', 'Участок АСУГТК'),
(322, 19, '2018-06-13 22:35:17', 'Замена неисправного', 'Участок АСУГТК', 'EX132'),
(323, 23, '2018-06-19 12:26:53', 'Не загружается. Акт 166 от 19.06.18', 'EX5', 'Участок АСУГТК'),
(324, 87, '2018-06-19 12:26:53', 'Замена неисправного', 'Участок АСУГТК', 'EX5'),
(325, 55, '2018-07-16 13:13:47', 'Акт 167. Самопроизвольное срабатывание сенсора.', 'A113', 'Участок АСУГТК'),
(326, 94, '2018-07-16 13:13:47', 'Замена неисправного', 'Участок АСУГТК', 'A113'),
(327, 4, '2018-07-23 10:04:55', 'Установка комплекта - новый ЭКГ-18', 'Участок АСУГТК', 'EX12'),
(328, 24, '2018-08-06 10:27:32', 'Демонтаж для установки на ЕХ145', 'EX129', 'Участок АСУГТК'),
(329, 61, '2018-08-21 10:02:54', 'Вышел из строя в результате пожара автомобиля. Акт 169 от  21.08.18', 'A123', 'Участок АСУГТК'),
(330, 24, '2018-08-27 11:41:17', 'комплект отсутствовал.', 'Участок АСУГТК', 'EX145'),
(331, 11, '2018-08-29 08:16:05', 'Самопроизвольно срабатывает сенсор. Акт 171 от 29.08.18', 'A100', 'Участок АСУГТК'),
(332, 41, '2018-08-29 08:16:05', 'Замена неисправного', 'Участок АСУГТК', 'A100'),
(333, 17, '2018-09-10 07:58:06', 'Самопроизвольно срабатывает сенсор. Акт 172.', 'A140', 'Участок АСУГТК'),
(334, 23, '2018-09-10 07:58:06', 'Замена неисправного', 'Участок АСУГТК', 'A140'),
(335, 22, '2018-10-30 16:43:11', 'Комплект и РТХ отсутствовали. ', 'Участок АСУГТК', 'EX450'),
(336, 77, '2018-11-01 16:30:57', 'Плохо срабатывает сенсор. Акт 175 от 01.11.18', 'A139', 'Участок АСУГТК'),
(337, 16, '2018-11-01 16:30:57', 'Замена неисправного', 'Участок АСУГТК', 'A139'),
(338, 91, '2018-09-27 16:37:48', 'Демонтаж на время ремонта.', 'EX141', 'Участок АСУГТК'),
(339, 16, '2018-11-03 11:39:11', 'Акт 176. Создает помехи по CAN-шине, двигатель работает с перебоями.', 'A139', 'Участок АСУГТК'),
(340, 91, '2018-11-03 11:39:11', 'Замена неисправного', 'Участок АСУГТК', 'A139'),
(341, 12, '2018-11-14 21:00:10', 'Акт 177. Плохо срабатывает сенсор.', 'A142', 'Участок АСУГТК'),
(342, 16, '2018-11-14 21:00:10', 'Замена неисправного', 'Участок АСУГТК', 'A142'),
(343, 69, '2018-11-18 22:51:18', 'Акт 178. Пропадает сигнал Gps', 'A134', 'Участок АСУГТК'),
(344, 55, '2018-11-18 22:51:18', 'Замена неисправного', 'Участок АСУГТК', 'A134'),
(345, 13, '2018-11-21 16:39:20', 'Акт №179. Плохо срабатывает сенсор.', 'EX1', 'Участок АСУГТК'),
(346, 11, '2018-11-21 16:39:20', 'Замена неисправного', 'Участок АСУГТК', 'EX1'),
(347, 46, '2018-08-06 14:58:50', 'Сенсор. Акт 168 от 06.08.18', 'EX9', 'Участок АСУГТК'),
(348, 53, '2018-08-06 14:58:50', 'Замена неисправного', 'Участок АСУГТК', 'EX9'),
(349, 14, '2018-12-12 15:00:38', 'Нет питания на Bullet. Акт 180 от 12.12.2018', 'A137', 'Участок АСУГТК'),
(350, 46, '2018-12-12 15:00:38', 'Замена неисправного', 'Участок АСУГТК', 'A137'),
(351, 17, '2018-12-28 13:06:42', 'РТХ отсутствовал. Новый самосвал.', 'Участок АСУГТК', 'A144'),
(352, 71, '2019-01-02 12:51:17', 'Демонтаж комплекта - авто под списание.', 'A124', 'Участок АСУГТК'),
(353, 47, '2019-01-02 17:30:58', 'Акт 182. Не загружается PTX/', 'EX126', 'Участок АСУГТК'),
(354, 77, '2019-01-02 17:30:58', 'Замена неисправного', 'Участок АСУГТК', 'EX126'),
(355, 79, '2019-01-05 21:54:38', 'Акт 183. Плохо срабатывает сенсор.', 'A116', 'Участок АСУГТК'),
(356, 13, '2019-01-05 21:54:38', 'Замена неисправного', 'Участок АСУГТК', 'A116'),
(357, 71, '2019-01-06 15:09:55', 'Комплект отсутствовал. Новый белаз.', 'Участок АСУГТК', 'A145'),
(358, 12, '2019-01-15 09:04:39', 'Новый автосамосвал.', 'Участок АСУГТК', 'A146'),
(359, 9, '2019-01-15 19:57:54', 'Демонтаж - списание авто.', 'A111', 'Участок АСУГТК'),
(360, 32, '2019-01-31 14:00:00', 'Плохо срабатывает сенсор', 'A143', 'Участок АСУГТК'),
(361, 47, '2019-01-31 14:00:00', 'Замена неисправного', 'Участок АСУГТК', 'A143'),
(362, 42, '2019-02-12 14:28:18', 'Демонтаж для установки на другой экскаватор', 'EX118', 'Участок АСУГТК'),
(363, 42, '2019-02-15 14:39:57', 'РТХ отсутствовал.', 'Участок АСУГТК', 'EX14'),
(364, 9, '2019-02-26 13:43:23', 'Установка комплекта после капремонта', 'Участок АСУГТК', 'EX141'),
(365, 77, '2019-03-05 13:50:45', 'Демонтаж комплекта по заявке РУ', 'EX126', 'Участок АСУГТК'),
(366, 97, '2019-03-07 13:58:53', 'Установка комплекта на новый белаз.', 'Участок АСУГТК', 'A147'),
(367, 98, '2019-03-12 14:10:14', 'Установка нового комплекта на новый белаз.', 'Участок АСУГТК', 'A148'),
(368, 16, '2019-03-19 06:59:00', 'Акт 185. Не загружается DispatchLite.', 'A142', 'Участок АСУГТК'),
(369, 32, '2019-03-19 06:59:00', 'Замена неисправного', 'Участок АСУГТК', 'A142'),
(370, 15, '2019-03-19 10:00:00', 'Демонтаж в связи со списанием', 'A115', 'Участок АСУГТК'),
(371, 15, '2019-03-22 11:51:54', 'Установка комплекта со списанной А115 на новый А149', 'Участок АСУГТК', 'A149'),
(372, 40, '2019-04-19 08:55:21', 'Акт обследования 186. Нет звука.', 'A102', 'Участок АСУГТК'),
(373, 14, '2019-04-19 08:55:21', 'Замена неисправного', 'Участок АСУГТК', 'A102'),
(374, 67, '2019-05-17 17:09:54', 'Акт обследования №189. Нет питания на Bullet.', 'A130', 'Участок АСУГТК'),
(375, 16, '2019-05-17 17:09:54', 'Замена неисправного', 'Участок АСУГТК', 'A130'),
(376, 27, '2019-05-23 16:20:07', 'Заявка РУ. Установка нового комплекта.', 'EX4', 'Участок АСУГТК'),
(377, 99, '2019-05-23 16:20:07', ' Установка нового комплекта.', 'Участок АСУГТК', 'EX4'),
(378, 6, '2019-05-28 13:13:07', 'Плохо срабатывает сенсор. Зависает DispatchLite. Акт  191.', 'A118', 'Участок АСУГТК'),
(379, 40, '2019-05-28 13:13:07', 'Замена неисправного', 'Участок АСУГТК', 'A118'),
(380, 17, '2019-05-29 13:16:27', 'Пропадает GPS. Акт 192.', 'A144', 'Участок АСУГТК'),
(381, 37, '2019-05-29 13:16:27', 'Замена неисправного', 'Участок АСУГТК', 'A144'),
(382, 42, '2019-06-07 22:25:15', 'Не загружается PTX. Акт 195', 'EX14', 'Участок АСУГТК'),
(383, 77, '2019-06-07 22:25:15', 'Замена неисправного', 'Участок АСУГТК', 'EX14'),
(384, 85, '2019-06-13 08:20:39', 'Не загружается диспатч. Акт №196', 'A117', 'Участок АСУГТК'),
(385, 42, '2019-06-13 08:20:39', 'Замена неисправного', 'Участок АСУГТК', 'A117'),
(386, 30, '2019-07-05 11:25:30', 'Демонтаж на время ремонта.', 'EX139', 'Участок АСУГТК'),
(387, 87, '2019-07-06 20:29:26', 'Залип сенсор. Акт №199 от 08.07.19', 'EX5', 'Участок АСУГТК'),
(388, 85, '2019-07-06 20:29:26', 'Замена неисправного', 'Участок АСУГТК', 'EX5'),
(389, 36, '2019-07-09 14:31:08', 'Демонтаж комплекта для установки на новый Белаз', 'EX454', 'Участок АСУГТК'),
(392, 36, '2019-07-10 14:53:45', 'Установка комплекта на новый Белаз. Комплект с EX454.', 'Участок АСУГТК', 'A151'),
(393, 63, '2019-07-11 16:26:49', 'Демонтаж комплекта', 'EX451', 'Участок АСУГТК'),
(394, 63, '2019-07-15 13:55:31', 'Установка комплекта', 'Участок АСУГТК', 'A150'),
(395, 85, '2019-07-18 08:02:53', 'Замена неисправного. Постоянно срабатывает сенсор. Акт 201.', 'EX5', 'Участок АСУГТК'),
(396, 6, '2019-07-18 08:02:53', 'Замена неисправного', 'Участок АСУГТК', 'EX5'),
(397, 38, '2019-07-25 08:13:12', 'Плохо срабатывает сенсор. Акт 202.', 'A141', 'Участок АСУГТК'),
(398, 67, '2019-07-25 08:13:12', 'Замена неисправного', 'Участок АСУГТК', 'A141'),
(399, 67, '2019-07-28 15:02:29', 'Не загружается Dispatch Lite', 'A141', 'Участок АСУГТК'),
(400, 85, '2019-07-28 15:02:29', 'Замена неисправного', 'Участок АСУГТК', 'A141'),
(401, 27, '2019-07-30 15:19:34', 'Установка комплекта', 'Участок АСУГТК', 'EX15'),
(402, 36, '2019-08-02 11:50:08', 'Плохо срабатывает сенсор. Акт 204.', 'A151', 'Участок АСУГТК'),
(403, 79, '2019-08-02 11:50:08', 'Замена неисправного', 'Участок АСУГТК', 'A151'),
(404, 79, '2019-08-02 22:58:46', 'Самопроизвольно срабатывает сенсор. Акт 205.', 'A151', 'Участок АСУГТК'),
(405, 87, '2019-08-02 22:58:46', 'Замена неисправного', 'Участок АСУГТК', 'A151'),
(406, 11, '2019-08-12 16:49:21', 'Плохо срабатывает сенсор. Акт 207.', 'EX1', 'Участок АСУГТК'),
(407, 69, '2019-08-12 16:49:21', 'Замена неисправного', 'Участок АСУГТК', 'EX1'),
(408, 69, '2019-08-14 16:09:43', 'Пропадает GPS. Акт 208.', 'EX1', 'Участок АСУГТК'),
(409, 79, '2019-08-14 16:09:43', 'Замена неисправного', 'Участок АСУГТК', 'EX1'),
(410, 10, '2019-08-17 22:44:30', 'Акт 209. Плохо срабатывает сенсор.', 'A126', 'Участок АСУГТК'),
(411, 67, '2019-08-17 22:44:30', 'Замена неисправного', 'Участок АСУГТК', 'A126'),
(412, 100, '2019-08-20 13:02:21', 'Новый белаз. Установка комплекта.', 'Участок АСУГТК', 'A152'),
(413, 8, '2019-09-30 10:44:05', 'нет данных по Сом1 и сом2. акт 213.', 'A105', 'Участок АСУГТК'),
(414, 10, '2019-09-30 10:44:05', 'Замена неисправного', 'Участок АСУГТК', 'A105'),
(415, 17, '2019-10-07 08:38:51', 'РТХ отсутствовал. Снимали комплект на время кап.ремонта', 'Участок АСУГТК', 'EX139'),
(416, 3, '2019-10-16 15:15:55', 'Зависает DispatchLite. Акт 215 ', 'A101', 'Участок АСУГТК'),
(417, 38, '2019-10-16 15:15:55', 'Замена неисправного', 'Участок АСУГТК', 'A101'),
(418, 18, '2019-10-16 16:33:50', 'Плохо срабатывает сенсор. Акт 216', 'A127', 'Участок АСУГТК'),
(419, 36, '2019-10-16 16:33:50', 'Замена неисправного', 'Участок АСУГТК', 'A127'),
(420, 67, '2019-08-26 15:51:04', 'нет соединения по can. акт 210.', 'A126', 'Участок АСУГТК'),
(421, 30, '2019-08-26 15:51:04', 'Замена неисправного', 'Участок АСУГТК', 'A126'),
(422, 46, '2019-10-16 22:54:37', 'плохо срабатывает сенсор. акт 217', 'A137', 'Участок АСУГТК'),
(423, 67, '2019-10-16 22:54:37', 'Замена неисправного', 'Участок АСУГТК', 'A137'),
(424, 91, '2019-12-09 11:12:43', 'нет звука. Акт 221.', 'A139', 'Участок АСУГТК'),
(425, 18, '2019-12-09 11:12:43', 'Замена неисправного', 'Участок АСУГТК', 'A139'),
(426, 101, '2020-01-09 11:11:20', 'Монтаж комплекта', 'Участок АСУГТК', 'A153'),
(427, 102, '2020-01-10 06:06:47', 'монтаж комплекта', 'Участок АСУГТК', 'A154'),
(428, 102, '2020-01-10 13:04:10', 'не установлен. Будет установлен на А155.', 'A154', 'Участок АСУГТК'),
(429, 103, '2020-01-10 13:04:56', 'Монтаж комплекта', 'Участок АСУГТК', 'A154'),
(430, 40, '2020-01-14 19:16:27', 'Демонтаж - списание авто', 'A118', 'Участок АСУГТК'),
(431, 102, '2020-01-16 15:46:15', 'Монтаж комлекта на новый самосвал.', 'Участок АСУГТК', 'A155'),
(432, 2, '2020-01-20 04:34:41', 'Не загружается РТХ. Акт 222.', 'A136', 'Участок АСУГТК'),
(433, 11, '2020-01-20 04:34:41', 'Замена неисправного', 'Участок АСУГТК', 'A136'),
(434, 100, '2020-01-20 13:17:18', 'Некорректно работает монитор PressureProPulse. Акт 223', 'A152', 'Участок АСУГТК'),
(435, 2, '2020-01-20 13:17:18', 'Замена для выявления проблемы', 'Участок АСУГТК', 'A152'),
(436, 40, '2020-01-25 13:49:39', 'Комплект отсутствовал', 'Участок АСУГТК', 'EX451'),
(437, 39, '2020-01-31 14:49:46', 'Не включается', 'EX144', 'Участок АСУГТК'),
(438, 3, '2020-01-31 14:49:46', 'Замена неисправного', 'Участок АСУГТК', 'EX144'),
(439, 26, '2020-02-08 14:30:00', 'Плохо срабатывает сенсор', 'A138', 'Участок АСУГТК'),
(440, 100, '2020-02-08 14:30:00', 'Замена неисправного', 'Участок АСУГТК', 'A138'),
(441, 17, '2020-02-15 21:00:46', 'Не работает сенсор', 'EX139', 'Участок АСУГТК'),
(442, 8, '2020-02-15 21:00:46', 'Замена неисправного', 'Участок АСУГТК', 'EX139'),
(443, 102, '2020-02-18 15:30:52', 'Трещины на экране РТХ. Акт 229', 'A155', 'Участок АСУГТК'),
(444, 46, '2020-02-18 15:30:52', 'Замена неисправного', 'Участок АСУГТК', 'A155'),
(445, 79, '2020-02-28 14:43:16', 'акт 234. Плохо срабатывает сенсор', 'EX1', 'Участок АСУГТК'),
(446, 91, '2020-02-28 14:43:16', 'Замена неисправного', 'Участок АСУГТК', 'EX1'),
(447, 41, '2020-02-28 14:44:17', 'акт 233. Плохо срабатывает сенсор', 'A100', 'Участок АСУГТК'),
(448, 69, '2020-02-28 14:44:17', 'Замена неисправного', 'Участок АСУГТК', 'A100'),
(449, 57, '2020-03-03 11:09:00', 'Демонтаж на время ремонта.', 'EX134', 'Участок АСУГТК'),
(450, 55, '2020-03-16 10:00:35', 'нет звука. Акт 235', 'A134', 'Участок АСУГТК'),
(451, 57, '2020-03-16 10:00:35', 'Замена неисправного', 'Участок АСУГТК', 'A134'),
(452, 38, '2020-03-17 13:32:20', 'Акт 236 - РТХ зависал несколько раз за час.', 'A101', 'Участок АСУГТК'),
(453, 55, '2020-03-17 13:32:20', 'Замена неисправного', 'Участок АСУГТК', 'A101'),
(454, 12, '2020-03-17 16:02:24', 'Акт 237 - самопроизвольно срабатывает сенсор', 'A146', 'Участок АСУГТК'),
(455, 102, '2020-03-17 16:02:24', 'Замена неисправного', 'Участок АСУГТК', 'A146'),
(456, 47, '2020-03-20 12:19:00', 'Акт 238 - самопроизвольно на кочках срабатывает сенсор', 'A143', 'Участок АСУГТК'),
(457, 38, '2020-03-20 12:19:00', 'Замена неисправного', 'Участок АСУГТК', 'A143'),
(458, 67, '2020-03-26 10:55:21', 'Демонтаж на время ремонта.', 'A137', 'Участок АСУГТК'),
(459, 55, '2020-03-26 10:55:31', 'не срабатывает сенсор Акт 239.', 'A101', 'Участок АСУГТК'),
(460, 67, '2020-03-26 10:55:31', 'Замена неисправного', 'Участок АСУГТК', 'A101'),
(461, 104, '2020-03-27 21:29:24', 'Установка нового комплекта.', 'Участок АСУГТК', 'EX17'),
(462, 40, '2020-04-01 12:47:21', 'Снят для установки на А147, в резерве РТХов нету', 'EX451', 'Участок АСУГТК'),
(463, 97, '2020-04-01 16:48:45', 'Нет данных от САN. Акт 240', 'A147', 'Участок АСУГТК'),
(464, 40, '2020-04-01 16:52:40', 'РТХ отсутствовал - сняли по акту 240 (нет данных по CAN)', 'Участок АСУГТК', 'A147'),
(465, 97, '2020-04-01 16:53:53', 'РТХ отсутствовал.', 'Участок АСУГТК', 'EX451'),
(466, 57, '2020-04-22 08:06:04', 'Тихий звук. Акт 244 от 22.04.20', 'A134', 'Участок АСУГТК'),
(467, 39, '2020-04-22 08:06:04', 'Замена неисправного', 'Участок АСУГТК', 'A134'),
(468, 87, '2020-04-24 11:36:05', 'Плохо срабатывает сенсор. Акт 245.', 'A151', 'Участок АСУГТК'),
(469, 47, '2020-04-24 11:36:05', 'Замена неисправного', 'Участок АСУГТК', 'A151'),
(470, 12, '2020-04-22 10:08:43', 'РТХ отсутствовал.', 'Участок АСУГТК', 'A137'),
(471, 13, '2020-04-28 10:34:23', 'Плохо срабатывает сенсор. Акт 246', 'A116', 'Участок АСУГТК'),
(472, 55, '2020-04-28 10:34:23', 'Замена неисправного', 'Участок АСУГТК', 'A116'),
(473, 97, '2020-04-01 15:07:33', 'Нет данных от интерфейса Can', 'EX451', 'Участок АСУГТК'),
(474, 79, '2020-04-01 15:07:33', 'Замена неисправного', 'Участок АСУГТК', 'EX451'),
(475, 102, '2020-05-15 15:09:15', 'Плохо срабатывает сенсор', 'A146', 'Участок АСУГТК'),
(476, 97, '2020-05-15 15:09:15', 'Замена неисправного', 'Участок АСУГТК', 'A146'),
(477, 10, '2020-05-22 12:59:02', 'Плохо срабатывает сенсор. Акт 251.', 'A105', 'Участок АСУГТК'),
(478, 26, '2020-05-22 12:59:02', 'Замена неисправного', 'Участок АСУГТК', 'A105'),
(479, 77, '2020-06-01 09:42:25', 'не работает модуль GPS', 'EX14', 'Участок АСУГТК'),
(480, 41, '2020-06-01 09:42:25', 'Замена неисправного', 'Участок АСУГТК', 'EX14'),
(481, 29, '2020-06-05 15:37:35', 'Самопроизвольно срабатывает сенсор. Периодически не реагирует на нажатия', 'A133', 'Участок АСУГТК'),
(482, 87, '2020-06-05 15:37:35', 'Замена неисправного', 'Участок АСУГТК', 'A133'),
(483, 25, '2020-06-07 03:50:00', 'Самопроизвольно срабатывает сенсор', 'A125', 'Участок АСУГТК'),
(484, 13, '2020-06-07 03:50:00', 'Замена неисправного', 'Участок АСУГТК', 'A125'),
(485, 26, '2020-06-09 14:05:16', 'Самопроизвольно срабатывает сенсор', 'A105', 'Участок АСУГТК'),
(486, 57, '2020-06-09 14:05:16', 'Замена неисправного', 'Участок АСУГТК', 'A105'),
(487, 12, '2020-06-11 07:54:41', 'Самопроизвольно срабатывает сенсор. Акт 257.', 'A137', 'Участок АСУГТК'),
(488, 17, '2020-06-11 07:54:41', 'Замена неисправного', 'Участок АСУГТК', 'A137'),
(489, 3, '2020-06-17 09:00:33', 'Установка на EX15 вместо неисправного', 'EX144', 'Участок АСУГТК'),
(490, 27, '2020-06-17 10:00:49', 'Плохо срабатывает сенсор', 'EX15', 'Участок АСУГТК'),
(491, 3, '2020-06-17 10:00:49', 'Замена неисправного', 'Участок АСУГТК', 'EX15'),
(492, 51, '2020-06-19 12:24:15', 'Демонтаж на время ремонта.', 'A131', 'Участок АСУГТК'),
(493, 32, '2020-06-19 12:24:53', 'Плохо срабатывает сенсор. Акт 259.', 'A142', 'Участок АСУГТК'),
(494, 51, '2020-06-19 12:24:53', 'Замена неисправного', 'Участок АСУГТК', 'A142'),
(495, 6, '2020-06-21 10:00:11', 'Снят из-за перегона на отвал.', 'EX5', 'Участок АСУГТК'),
(496, 57, '2020-06-29 20:32:43', 'не загружается РТХ. Акт 260.', 'A105', 'Участок АСУГТК'),
(497, 26, '2020-06-29 20:32:43', 'Замена неисправного', 'Участок АСУГТК', 'A105'),
(498, 25, '2020-07-07 15:47:58', 'РТХ отсутствовал.', 'Участок АСУГТК', 'A131'),
(499, 47, '2020-07-08 22:41:02', 'Плохо срабатывает сенсор. Акт 261.', 'A151', 'Участок АСУГТК'),
(500, 57, '2020-07-08 22:41:02', 'Замена неисправного', 'Участок АСУГТК', 'A151'),
(501, 57, '2020-07-09 11:30:58', 'Самопроизвольно меняется яркость', 'A151', 'Участок АСУГТК'),
(502, 32, '2020-07-09 11:30:58', 'Замена неисправного', 'Участок АСУГТК', 'A151'),
(503, 67, '2020-07-09 01:20:06', 'Не работает сенсор', 'A101', 'Участок АСУГТК'),
(504, 77, '2020-07-09 01:20:06', 'Замена неисправного', 'Участок АСУГТК', 'A101'),
(505, 77, '2020-07-28 06:45:11', 'Плохо сраб. сенсор. Акт 265', 'A101', 'Участок АСУГТК'),
(506, 10, '2020-07-28 06:45:11', 'Замена неисправного', 'Участок АСУГТК', 'A101'),
(507, 37, '2020-08-06 12:03:25', 'Не регулируется звук. Акт 266.', 'A144', 'Участок АСУГТК'),
(508, 102, '2020-08-06 12:03:25', 'Замена неисправного', 'Участок АСУГТК', 'A144'),
(509, 15, '2020-08-12 10:17:57', 'Плохо срабатывает сенсор. Акт 267.', 'A149', 'Участок АСУГТК'),
(510, 12, '2020-08-12 10:17:57', 'Замена неисправного', 'Участок АСУГТК', 'A149'),
(511, 105, '2020-09-14 11:18:19', 'Установка нового комплекта', 'Участок АСУГТК', 'A156'),
(512, 42, '2020-09-15 16:29:01', 'Демонтаж - авто под списание', 'A117', 'Участок АСУГТК'),
(513, 107, '2020-09-21 14:29:12', 'Монтаж нового комплекта', 'Участок АСУГТК', 'A158'),
(514, 40, '2020-09-22 14:19:15', 'Самопроизвольно срабатывает сенсор', 'A147', 'Участок АСУГТК'),
(515, 67, '2020-09-22 14:19:15', 'Замена неисправного', 'Участок АСУГТК', 'A147'),
(516, 75, '2020-09-23 11:55:26', 'Демонтаж - авто под списание.', 'A114', 'Участок АСУГТК'),
(517, 47, '2020-09-24 15:50:38', 'Установка комплекта.', 'Участок АСУГТК', 'EX129'),
(518, 108, '2020-10-09 18:01:30', 'Комплект отсутствовал', 'Участок АСУГТК', 'EX454'),
(519, 16, '2020-10-12 08:47:41', 'Самопроизвольно срабатывает сенсор', 'A130', 'Участок АСУГТК'),
(520, 42, '2020-10-12 08:47:41', 'Замена неисправного', 'Участок АСУГТК', 'A130'),
(521, 85, '2020-11-17 10:34:12', 'Самопроизвольно срабатывает сенсор', 'A141', 'Участок АСУГТК'),
(522, 75, '2020-11-17 10:34:12', 'Замена неисправного', 'Участок АСУГТК', 'A141'),
(523, 20, '2020-12-03 16:26:03', 'Акт 278. Самопроизвольные срабатывания сенсора', 'EX137', 'Участок АСУГТК'),
(524, 15, '2020-12-03 16:26:03', 'Замена неисправного', 'Участок АСУГТК', 'EX137'),
(525, 10, '2020-12-06 12:53:50', 'акт 279. Пропадает связь с РТХ, но физический линк не пропадает', 'A101', 'Участок АСУГТК'),
(526, 37, '2020-12-06 12:53:50', 'Замена неисправного', 'Участок АСУГТК', 'A101'),
(527, 7, '2020-12-22 11:25:41', 'Демонтаж комплекта. ЭКГ перегоняют на отвал.', 'EX146', 'Участок АСУГТК'),
(528, 6, '2021-01-08 15:43:11', 'РТХ отсутствовал.', 'Участок АСУГТК', 'EX144'),
(529, 37, '2020-12-19 03:42:59', 'Зависает DispatchLite', 'A101', 'Участок АСУГТК'),
(530, 57, '2020-12-19 03:42:59', 'Замена неисправного', 'Участок АСУГТК', 'A101'),
(531, 6, '2021-01-08 22:44:50', 'Не срабатывает сенсор. Акт 283.', 'EX144', 'Участок АСУГТК'),
(532, 37, '2021-01-08 22:44:50', 'Замена неисправного', 'Участок АСУГТК', 'EX144'),
(533, 10, '2021-01-11 12:46:03', 'Установка комплекта на новый экскаватор.', 'Участок АСУГТК', 'EX19'),
(534, 91, '2021-01-12 15:02:37', 'Плохо срабатывает сенсор. Акт 285.', 'EX1', 'Участок АСУГТК'),
(535, 40, '2021-01-12 15:02:37', 'Замена неисправного', 'Участок АСУГТК', 'EX1'),
(536, 10, '2021-01-20 10:14:09', 'Нужно установить новый PTX, который был в комплекте', 'EX19', 'Участок АСУГТК'),
(537, 109, '2021-01-20 10:14:09', 'Установка PTX из комплекта', 'Участок АСУГТК', 'EX19'),
(538, 69, '2021-01-25 10:27:55', 'Демонтаж комплекта - авто под списание.', 'A100', 'Участок АСУГТК'),
(539, 109, '2021-01-22 11:01:28', 'Слишком большой - мешает правому джойстику', 'EX19', 'Участок АСУГТК'),
(540, 10, '2021-01-22 11:01:28', 'Замена неисправного', 'Участок АСУГТК', 'EX19'),
(541, 104, '2021-01-28 10:12:01', 'жалобы на сенсор. Акт 288', 'EX17', 'Участок АСУГТК'),
(542, 109, '2021-01-28 10:12:01', 'Замена неисправного', 'Участок АСУГТК', 'EX17'),
(543, 81, '2021-02-05 15:55:10', 'Демонтаж на время ремонта. Лопнула рама - будут ставить раму с А100.', 'A132', 'Участок АСУГТК'),
(544, 46, '2021-03-11 09:40:10', 'Акт 297 - самопроизвольно срабатывает сенсор', 'A155', 'Участок АСУГТК'),
(545, 104, '2021-03-11 09:40:10', 'Замена неисправного', 'Участок АСУГТК', 'A155'),
(546, 73, '2021-03-31 14:19:42', 'Акт 299. Пропадает звук. Плохо срабатывает сенсор. Зависает COM1/', 'A135', 'Участок АСУГТК'),
(547, 85, '2021-03-31 14:19:42', 'Замена неисправного', 'Участок АСУГТК', 'A135'),
(548, 23, '2021-05-15 10:06:23', 'Акт 300.(плохо срабатыв. сенсор)', 'A140', 'Участок АСУГТК'),
(549, 55, '2021-05-15 10:06:23', 'Замена неисправного ', 'Участок АСУГТК', 'A140'),
(550, 34, '2021-05-17 10:53:09', 'Плохо срабатывает сенсор. Акт 301.', 'A128', 'Участок АСУГТК'),
(551, 69, '2021-05-17 10:53:09', 'Замена неисправного', 'Участок АСУГТК', 'A128'),
(552, 1, '2021-05-17 11:18:24', 'Плохо срабатывает сенсор. Акт 302.', 'A119', 'Участок АСУГТК'),
(553, 91, '2021-05-17 11:18:24', 'Замена неисправного', 'Участок АСУГТК', 'A119'),
(554, 21, '2020-09-03 16:40:46', 'Плохо срабатывает сенсор. Акт 270', 'EX8', 'Участок АСУГТК'),
(555, 77, '2020-09-03 16:40:46', 'Замена неисправного', 'Участок АСУГТК', 'EX8'),
(556, 12, '2021-05-20 16:42:00', 'Плохо срабатывает сенсор. Акт 304', 'A149', 'Участок АСУГТК'),
(557, 21, '2021-05-20 16:42:00', 'Замена неисправного', 'Участок АСУГТК', 'A149'),
(558, 30, '2020-11-20 08:13:26', 'акт 277. Плохо срабатывает сенсор.', 'A126', 'Участок АСУГТК'),
(559, 16, '2020-11-20 08:13:26', 'Замена неисправного', 'Участок АСУГТК', 'A126'),
(560, 57, '2021-05-24 08:14:04', 'Акт 305. Плохо срабатывает сенсор.', 'A101', 'Участок АСУГТК'),
(561, 30, '2021-05-24 08:14:04', 'Замена неисправного', 'Участок АСУГТК', 'A101'),
(562, 17, '2021-05-24 06:58:49', 'акт 306. Самопроизвольное срабатывание сенсора', 'A137', 'Участок АСУГТК'),
(563, 7, '2021-05-24 06:58:49', 'Замена неисправного', 'Участок АСУГТК', 'A137'),
(564, 15, '2021-06-13 00:11:40', 'Не загружается', 'EX137', 'Участок АСУГТК'),
(565, 12, '2021-06-13 00:11:40', 'Замена неисправного', 'Участок АСУГТК', 'EX137'),
(566, 18, '2021-06-20 11:15:13', 'Плохо срабатывает сенсор', 'A139', 'Участок АСУГТК'),
(567, 1, '2021-06-20 11:15:13', 'Замена неисправного', 'Участок АСУГТК', 'A139'),
(568, 105, '2021-06-20 10:19:57', 'Плохо срабатывает сенсор', 'A156', 'Участок АСУГТК'),
(569, 34, '2021-06-20 10:19:57', 'Замена неисправного', 'Участок АСУГТК', 'A156'),
(570, 106, '2021-06-24 15:12:22', 'Плохо срабатывает сенсор', 'A157', 'Участок АСУГТК'),
(571, 17, '2021-06-24 15:12:22', 'Замена неисправного', 'Участок АСУГТК', 'A157'),
(572, 75, '2021-06-25 15:39:10', 'Пропадает сигнал GPS при заведомо исправной антенне', 'A141', 'Участок АСУГТК'),
(573, 106, '2021-06-25 15:39:10', 'Замена неисправного', 'Участок АСУГТК', 'A141'),
(574, 25, '2021-06-30 17:13:11', 'Нет сигнала GPS. Болтается разъем.', 'A131', 'Участок АСУГТК'),
(575, 15, '2021-06-30 17:13:11', 'Замена неисправного', 'Участок АСУГТК', 'A131'),
(576, 69, '2021-07-06 15:05:59', 'Самопроизвольно срабатывает сенсор', 'A128', 'Участок АСУГТК'),
(577, 46, '2021-07-06 15:05:59', 'Замена неисправного', 'Участок АСУГТК', 'A128'),
(578, 34, '2021-07-26 15:58:43', 'Снято в резерв.', 'A156', 'Участок АСУГТК'),
(579, 105, '2021-07-26 15:58:43', 'Установка РТХС после ремонта (обновления прошивки)', 'Участок АСУГТК', 'A156'),
(580, 111, '2021-07-27 10:06:18', 'Установка нового комплекта', 'Участок АСУГТК', 'A159'),
(581, 30, '2021-07-29 11:00:34', 'Демонтаж комплекта в связи со списанием.', 'A101', 'Участок АСУГТК'),
(582, 110, '2021-07-28 11:13:28', 'Монтаж нового комплекта на новый Белаз', 'Участок АСУГТК', 'A160'),
(583, 112, '2021-08-10 11:58:45', 'Установка нового комплекта на новый Белаз', 'Участок АСУГТК', 'A161'),
(584, 38, '2021-08-17 03:21:18', 'Самопроизвольно срабатывает сенсор', 'A143', 'Участок АСУГТК'),
(585, 46, '2021-08-17 03:21:18', 'Замена неисправного', 'Участок АСУГТК', 'A143'),
(586, 11, '2021-08-21 01:56:14', 'Самопроизвольно срабатывает сенсор', 'A136', 'Участок АСУГТК'),
(587, 57, '2021-08-21 01:56:14', 'Замена неисправного', 'Участок АСУГТК', 'A136'),
(588, 30, '2021-08-26 12:44:20', 'Установка нового комплекта', 'Участок АСУГТК', 'A162'),
(589, 39, '2021-09-01 16:15:10', 'Демонтаж - авто под списание', 'A134', 'Участок АСУГТК'),
(590, 91, '2021-09-01 16:15:42', 'Демонтаж - авто будут переделывать в поливалку', 'A119', 'Участок АСУГТК'),
(591, 87, '2021-09-06 15:22:26', 'Самопроизвольно срабатывает сенсор. Акт 327', 'A133', 'Участок АСУГТК'),
(592, 75, '2021-09-06 15:22:26', 'Замена неисправного', 'Участок АСУГТК', 'A133'),
(593, 103, '2021-10-01 10:31:59', 'Разбит экран. Не срабатывает сенсор', 'A154', 'Участок АСУГТК'),
(594, 91, '2021-10-01 10:31:59', 'Замена неисправного', 'Участок АСУГТК', 'A154'),
(595, 51, '2021-10-08 15:41:19', 'Акт 330. Самопроизвольно срабатывает сенсор.', 'A142', 'Участок АСУГТК'),
(596, 39, '2021-10-08 15:41:19', 'Замена неисправного', 'Участок АСУГТК', 'A142'),
(597, 13, '2021-11-06 14:39:36', 'акт 331. Самопроизвольно срабатывает сенсор.', 'A125', 'Участок АСУГТК'),
(598, 6, '2021-11-06 14:39:36', 'Замена неисправного', 'Участок АСУГТК', 'A125'),
(599, 5, '2021-11-15 16:36:37', 'Демонтаж - списание ЭКГ.', 'EX10', 'Участок АСУГТК'),
(600, 79, '2021-11-23 10:30:54', 'Демонтаж - списание погрузчика.', 'EX451', 'Участок УСК'),
(601, 12, '2021-11-25 14:11:14', 'Демонтаж экскаватора', 'EX137', 'Участок УСК'),
(602, 79, '2021-12-13 14:37:16', 'Установка комплекта.', 'Участок УСК', 'A119');

--
-- Дамп данных таблицы `ref_accesstype`
--

INSERT INTO `ref_accesstype` (`id`, `name`, `description`) VALUES
(1, 'user', 'Для пользователя'),
(2, 'group', 'Для группы'),
(3, 'all', 'Для всех пользователей');

--
-- Дамп данных таблицы `ref_connect_type`
--

INSERT INTO `ref_connect_type` (`id`, `name`) VALUES
(1, 'com1'),
(3, 'com2'),
(5, 'com3'),
(7, 'can'),
(9, 'GSP 1 - can'),
(11, 'GSP 1 - com'),
(13, 'GSP 2 - can'),
(15, 'GSP 2 - com');

--
-- Дамп данных таблицы `ref_device_status`
--

INSERT INTO `ref_device_status` (`ID`, `Name`) VALUES
(1, 'Установлен'),
(2, 'Исправен. В резерве'),
(3, 'Неисправен. Снят'),
(4, 'Отпрвлен в ремонт');

--
-- Дамп данных таблицы `ref_device_type`
--

INSERT INTO `ref_device_type` (`ID`, `Name`, `ShortName`) VALUES
(1, 'Мобильный бортовой компьютер PTX', 'PTX'),
(2, 'Точка доступа Ubiquiti Rocket M2', 'Rocket M2'),
(3, 'Точка доступа Ubiquity Bullet M2', 'Bullet M2'),
(4, 'Автомобильная wi-fi антенна', 'Автомобильная wi-fi антенна'),
(5, 'Экскаваторная wi-fi антенна', 'Экскаваторная wi-fi антенна'),
(6, 'Автомобильная gps-антенна', 'gps ан-на (автомобильная)'),
(7, 'Экскавторная gps-антенна', 'gps ан-на (экскаваторная)'),
(8, 'Блок Power Timer', 'Power Timer');

--
-- Дамп данных таблицы `ref_equipment_type`
--

INSERT INTO `ref_equipment_type` (`id`, `name`) VALUES
(1, 'Автосамосвал'),
(2, 'Экскаватор'),
(3, 'Базовая станция'),
(4, 'Сервер'),
(5, 'Буровой станок'),
(6, 'Смесезарядная машина');

--
-- Дамп данных таблицы `ref_event_type`
--

INSERT INTO `ref_event_type` (`ID`, `name`) VALUES
(1, 'Снятие'),
(2, 'Установка');

--
-- Дамп данных таблицы `ref_interface`
--

INSERT INTO `ref_interface` (`id`, `Name`, `FullName`, `Category`) VALUES
(1, 'VEI', 'Весы - VEI', 5),
(2, 'Omnicomm', 'Топливо Omnicomm', 7),
(3, 'Pressure', 'СКДШ PressurePro', 9),
(5, 'WiFi', 'Связь wi-fi', 1),
(7, 'GPS', 'GPS', 3),
(9, 'LastLoadData', 'Выгрузка данных на PowerView', 15),
(11, 'IsRunTransact', 'Запущены транзакции', 11),
(13, 'IsRunExcept', 'Запущены исключения', 11),
(15, 'IsRunGPS', 'Запущен сбор GPS', 11),
(17, 'Avail', 'Связь (ping)', 1),
(19, 'FreeSpace', 'Проверка свободного места на диске', 11),
(21, 'IsRunSniff', 'Cбор логов OMSsniff', 11),
(23, 'Weight', 'Весы (взвешивание рейсов)', 5);

--
-- Дамп данных таблицы `ref_interface_category`
--

INSERT INTO `ref_interface_category` (`id`, `shortName`, `FullName`) VALUES
(1, 'Связь', 'Связь'),
(3, 'GPS', 'GPS'),
(5, 'СКЗ', 'Система контроля загрузки'),
(7, 'Топилво', 'Система контроля уровня топлива'),
(9, 'СКДШ', 'Система контроля давления в шинах'),
(11, 'Dispatch', 'Проверка работы испатч'),
(13, 'GPS серв', 'Сбор GPS на сервере'),
(15, 'PowerView', 'Выгрузка данных на PowerView');

--
-- Дамп данных таблицы `ref_monitor_off_category`
--

INSERT INTO `ref_monitor_off_category` (`id`, `Name`) VALUES
(0, 'Прочее'),
(1, 'Неисправность');

--
-- Дамп данных таблицы `ref_statss_status`
--

INSERT INTO `ref_statss_status` (`id`, `name`) VALUES
(-1, 'Неизвестно'),
(0, 'Не обработано'),
(1, 'Поломка'),
(2, 'В работе'),
(3, 'Задержка'),
(4, 'Ожидание'),
(5, 'Выключен бортовой компьютер');

--
-- Дамп данных таблицы `ref_system`
--

INSERT INTO `ref_system` (`id`, `name`) VALUES
(1, 'АСУГТК Модулар'),
(2, 'АСУБВР Кобус');

--
-- Дамп данных таблицы `ref_waitactions`
--

INSERT INTO `ref_waitactions` (`id`, `name`) VALUES
(1, 'Ожидание включения'),
(2, 'Ожидание выключения'),
(3, 'Ожидание статуса не "Готов"'),
(4, 'Ожидание прибытия в ГБМ');

--
-- Дамп данных таблицы `ref_work_status`
--

INSERT INTO `ref_work_status` (`id`, `name`) VALUES
(1, 'В работе'),
(2, 'Выполнена'),
(3, 'Приостановлено');

--
-- Дамп данных таблицы `stats_fail_auto_tmp`
--

INSERT INTO `stats_fail_auto_tmp` (`id`, `name`, `percent`, `date`) VALUES
(296724, 'A100', 0, '2021-08-17'),
(296725, 'A102', 1.8, '2021-08-17'),
(296726, 'A131', 2.79, '2021-08-17'),
(296727, 'A140', 2.23, '2021-08-17'),
(296728, 'A141', 3.12, '2021-08-17'),
(296729, 'A132', 2.66, '2021-08-17'),
(296730, 'A139', 1, '2021-08-17'),
(296731, 'A114', 0, '2021-08-17'),
(296732, 'A119', 1.34, '2021-08-17'),
(296733, 'A138', 1.06, '2021-08-17'),
(296734, 'A142', 2.69, '2021-08-17'),
(296735, 'A143', 1.79, '2021-08-17'),
(296736, 'A125', 2.29, '2021-08-17'),
(296737, 'A126', 2.92, '2021-08-17'),
(296738, 'A127', 1.89, '2021-08-17'),
(296739, 'A128', 0, '2021-08-17'),
(296740, 'A129', 3.12, '2021-08-17'),
(296741, 'A130', 1.53, '2021-08-17'),
(296742, 'A134', 2.54, '2021-08-17'),
(296743, 'A135', 0, '2021-08-17'),
(296744, 'A136', 3.09, '2021-08-17'),
(296745, 'A105', 1.28, '2021-08-17'),
(296746, 'A137', 1.63, '2021-08-17'),
(296747, 'A144', 1.3, '2021-08-17'),
(296748, 'A145', 1.96, '2021-08-17'),
(296749, 'A146', 1.31, '2021-08-17'),
(296750, 'A147', 2.27, '2021-08-17'),
(296751, 'A148', 1.18, '2021-08-17'),
(296752, 'A149', 1.38, '2021-08-17'),
(296753, 'A150', 3.44, '2021-08-17'),
(296754, 'A151', 1.12, '2021-08-17'),
(296755, 'A152', 1.4, '2021-08-17'),
(296756, 'A153', 2.53, '2021-08-17'),
(296757, 'A154', 1.59, '2021-08-17'),
(296758, 'A155', 1.64, '2021-08-17'),
(296759, 'A157', 2.88, '2021-08-17'),
(296760, 'A156', 2.37, '2021-08-17'),
(296761, 'A158', 3.24, '2021-08-17'),
(296762, 'A133', 2.92, '2021-08-17'),
(296763, 'A161', 0, '2021-08-17'),
(296764, 'A159', 2.23, '2021-08-17'),
(296765, 'A160', 2.85, '2021-08-17');

--
-- Дамп данных таблицы `stats_status_kobus_current_breaks`
--

INSERT INTO `stats_status_kobus_current_breaks` (`breakId`) VALUES
(1263903),
(1316975),
(1446417),
(1460890),
(1495832),
(1507689),
(1531244),
(1532174),
(1535189),
(1535202),
(1535204);

--
-- Дамп данных таблицы `stats_status_settings_kobus`
--

INSERT INTO `stats_status_settings_kobus` (`created`, `LastBreakageHistoryID`) VALUES
('2021-09-19 15:04:19', 1535204);

--
-- Дамп данных таблицы `stats_status_settings_modular`
--

INSERT INTO `stats_status_settings_modular` (`id`, `shiftindex`, `minendtime`) VALUES
(1, 37951, 32774);

--
-- Дамп данных таблицы `usergroups`
--

INSERT INTO `usergroups` (`id`, `groupname`) VALUES
(1, 'АСУГТК'),
(2, 'АТУ');

--
-- Дамп данных таблицы `users`
--

INSERT INTO `users` (`ID`, `Login`, `password_md5`, `FIO`, `groupid`) VALUES
(1, 'asugtk', NULL, NULL, 1),
(2, 'atu', NULL, NULL, 2),
(3, 'asugtkadm', NULL, NULL, 1);

--
-- Дамп данных таблицы `wifi_log`
--

INSERT INTO `wifi_log` (`id`, `datetime`, `action`) VALUES
(85, '2015-05-21 22:13:06', 'OFA'),
(87, '2015-05-22 09:42:56', 'OFA'),
(89, '2015-06-15 10:57:41', 'ON'),
(91, '2015-06-15 13:32:26', 'OFA'),
(93, '2015-06-30 15:54:31', 'ON'),
(95, '2015-06-30 15:55:59', 'OFF'),
(97, '2015-07-23 15:28:57', 'ON'),
(99, '2015-07-23 15:29:43', 'OFF'),
(101, '2015-08-04 17:05:45', 'ON'),
(103, '2015-08-04 17:08:23', 'OFF'),
(105, '2015-08-05 15:17:45', 'ON'),
(107, '2015-08-05 15:20:27', 'OFF'),
(109, '2015-08-05 15:54:27', 'ON'),
(111, '2015-08-05 15:55:17', 'OFF'),
(113, '2015-08-05 20:59:31', 'ON'),
(115, '2015-08-08 08:08:53', 'OFF'),
(117, '2015-08-08 08:09:37', 'ON'),
(119, '2015-08-08 08:36:51', 'OFF'),
(121, '2015-08-12 00:27:34', 'ON'),
(123, '2015-08-12 00:28:20', 'OFF'),
(125, '2015-08-24 15:20:31', 'OFA'),
(127, '2015-08-24 16:05:25', 'OFA'),
(129, '2015-08-25 09:31:46', 'ON'),
(131, '2015-08-25 10:06:16', 'OFF'),
(133, '2015-08-25 10:08:45', 'ON'),
(135, '2015-08-25 12:47:24', 'OFA'),
(137, '2015-08-25 13:28:55', 'ON'),
(139, '2015-09-05 09:02:17', 'ON'),
(141, '2015-09-05 09:30:58', 'OFF'),
(143, '2015-09-21 10:56:48', 'ON'),
(145, '2015-09-21 12:21:33', 'OFF'),
(147, '2015-10-03 08:36:20', 'ON'),
(149, '2015-10-03 11:07:40', 'OFA'),
(151, '2015-10-12 03:26:22', 'ON'),
(153, '2015-10-12 06:04:40', 'OFA'),
(155, '2015-11-04 21:37:34', 'ON'),
(157, '2015-11-05 00:09:40', 'OFA'),
(159, '2015-11-16 11:27:58', 'ON'),
(161, '2015-11-16 11:28:43', 'OFF'),
(163, '2015-12-11 20:17:46', 'ON'),
(165, '2015-12-11 21:17:11', 'OFF'),
(167, '2015-12-18 13:08:35', 'ON'),
(169, '2015-12-18 15:42:02', 'OFA'),
(171, '2016-01-03 13:53:07', 'ON'),
(173, '2016-01-03 16:15:06', 'OFF'),
(175, '2016-03-03 17:42:06', 'OFA'),
(177, '2016-03-05 12:15:50', 'OFA'),
(179, '2016-03-05 13:29:25', 'OFF'),
(181, '2016-03-05 13:32:18', 'ON'),
(183, '2016-03-05 13:40:19', 'OFF'),
(185, '2016-03-05 13:41:26', 'ON'),
(187, '2016-03-05 13:43:54', 'OFF'),
(189, '2016-03-05 13:45:01', 'ON'),
(191, '2016-03-05 13:46:11', 'OFF'),
(193, '2016-03-25 09:30:44', 'ON'),
(195, '2016-03-25 12:09:55', 'OFA'),
(197, '2016-03-27 04:14:08', 'ON'),
(199, '2016-03-27 05:10:48', 'OFF'),
(201, '2016-03-31 11:22:47', 'ON'),
(203, '2016-03-31 14:02:16', 'OFA'),
(205, '2016-04-01 21:52:38', 'ON'),
(207, '2016-04-01 23:15:44', 'OFF'),
(209, '2016-04-01 23:17:53', 'ON'),
(211, '2016-04-01 23:24:48', 'OFF'),
(213, '2016-04-01 23:28:36', 'ON'),
(215, '2016-04-01 23:39:52', 'OFF'),
(217, '2016-04-04 10:48:59', 'ON'),
(219, '2016-04-04 12:10:12', 'OFF'),
(221, '2016-04-21 21:27:39', 'ON'),
(223, '2016-04-21 21:52:11', 'OFF'),
(225, '2016-05-20 03:15:41', 'ON'),
(227, '2016-05-20 03:23:10', 'OFF'),
(229, '2016-11-07 12:56:46', 'OFA'),
(231, '2017-02-07 13:58:35', 'OFA'),
(233, '2017-02-09 14:36:33', 'OFA'),
(235, '2017-03-21 10:03:12', 'ON'),
(237, '2017-03-21 12:37:17', 'OFA'),
(239, '2017-03-22 13:34:13', 'ON'),
(241, '2017-03-22 16:10:03', 'OFA'),
(243, '2017-03-29 10:51:46', 'OFA'),
(244, '2018-07-19 09:46:41', 'OFA'),
(245, '2018-07-25 10:39:27', 'OFA'),
(246, '2019-09-01 23:20:22', 'OFA'),
(247, '2019-09-30 06:23:52', 'OFA'),
(248, '2019-10-09 13:59:49', 'OFA'),
(249, '2019-11-06 21:05:36', 'OFA'),
(250, '2019-12-20 14:56:09', 'OFA'),
(251, '2020-01-18 15:21:17', 'OFA'),
(252, '2020-01-25 09:29:24', 'OFA'),
(254, '2020-01-25 20:07:40', 'OFA'),
(255, '2020-01-27 19:05:09', 'OFA');

--
-- Дамп данных таблицы `wifi_stat_map`
--

INSERT INTO `wifi_stat_map` (`id`, `date_time`, `xstart`, `ystart`, `xend`, `yend`, `sectorsize`) VALUES
(10, '2021-01-01 00:00:00', 12200, 2100, 16300, 5800, 20);

/*!40101 SET CHARACTER_SET_CLIENT=@OLD_CHARACTER_SET_CLIENT */;
/*!40101 SET CHARACTER_SET_RESULTS=@OLD_CHARACTER_SET_RESULTS */;
/*!40101 SET COLLATION_CONNECTION=@OLD_COLLATION_CONNECTION */;
